rank,productCode,productId,title,listPrice,salePrice,author,publisher,publicationDate,publicationYear,category
1,9788915008601,S000220700678,임신 출산 육아 대백과(2026-2027),19500.0,17550.0,삼성출판사 편집부,삼성출판사,20260730,2026,가정/육아
2,9791122019827,S000220939598,세상을 움직이는 아이들은 무엇이 다른가,18800.0,16920.0,임지은,다빈치페이지,20260910,2026,가정/육아
3,9791164053704,S000221030617,멈추지 못하는 아이들,18500.0,16650.0,선자연,북하우스,20260907,2026,가정/육아
4,9791168127531,S000208779616,최민준의 아들코칭 백과,18800.0,16920.0,최민준,위즈덤하우스,20230830,2023,가정/육아
5,9791171174348,S000213691665,0~3세 기적의 뇌과학 육아,20000.0,18000.0,그리어 커센바움,21세기북스,20240703,2024,가정/육아
6,9791124591123,S000220995922,사춘기 아이와 대화하는 법은 따로 있습니다,18500.0,16650.0,홍순범,포레스트북스,20260826,2026,가정/육아
7,9791168273863,S000218737010,가장 완벽한 ADHD 양육 가이드,20000.0,18000.0,박소영 외,카시오페아,20251210,2025,가정/육아
8,9791195795505,S000001967750,삐뽀삐뽀 119 소아과,29800.0,26820.0,하정훈,유니책방,20240105,2024,가정/육아
9,9791193842805,S000220734607,불편함을 다룰 줄 아는 아이,20000.0,18000.0,최재희,청림라이프,20260819,2026,가정/육아
10,9791194725435,S000219796379,잘 자고 잘 먹는 아기의 시간표,22000.0,19800.0,정재호,한빛라이프,20260506,2026,가정/육아
11,9788965749868,S000001026120,내 아이를 위한 감정코칭,20000.0,18000.0,최성애 외,해냄출판사,20200215,2020,가정/육아
12,9791191994520,S000221281557,아이와 친해지는 101가지 방법,19800.0,17820.0,혜삼,용감한 까치,20260915,2026,가정/육아
13,9791124497142,S000220937930,한자 어휘 일력 365,25000.0,22500.0,이은경,서교책방,20260827,2026,가정/육아
14,9791172102357,S000220922511,최상위권의 비밀,19800.0,17820.0,로미(김민지),동양북스,20260824,2026,가정/육아
15,9788901299938,S000220094271,너무 빨리 배우는 아이들,18800.0,16920.0,천근아,웅진지식하우스,20260605,2026,가정/육아
16,9791199340053,S000219075118,불안의 시간을 건너는 너를 지키는 말,17800.0,16020.0,스즈키 하야토,퍼스트페이지,20260209,2026,가정/육아
17,9788964360002,S000214866398,김수연의 아기발달백과,28000.0,25200.0,김수연,삼인,20241125,2024,가정/육아
18,9791164133055,S000001825877,엄마 나는 자라고 있어요,22000.0,19800.0,헤티 판 더 레이트 외,북폴리오,20191115,2019,가정/육아
19,9791176821773,S000221281892,"초등 입학, 마음 근육이 먼저입니다",19500.0,17550.0,박미리,미다스북스,20260928,2026,가정/육아
20,9791197672125,S000001987855,똑게육아,22200.0,19980.0,로리(김준희),북로스트,20220224,2022,가정/육아
21,9791165260859,S000001835405,베이비 몬테소리 육아대백과,17000.0,15300.0,시모네 데이비스 외,키출판사,20210709,2021,가정/육아
22,9788934986652,S000000597842,어떻게 말해줘야 할까,19800.0,17820.0,오은영,김영사,20201025,2020,가정/육아
23,9791186494431,S000001886110,세상에서 제일 재밌는 종이접기,14000.0,12600.0,네모아저씨 이원표,슬로래빗,20180824,2018,가정/육아
24,9791168226289,S000221280359,다섯 살 사회 정서,18500.0,16650.0,박밝음,서사원,20260921,2026,가정/육아
25,9791188915804,S000220922882,ADHD 아이 학교에서 살아남기,21000.0,18900.0,박정은,소울하우스,20260820,2026,가정/육아
26,9791168273214,S000217455084,엄마의 말 공부,20000.0,18000.0,이임숙,카시오페아,20250903,2025,가정/육아
27,9791185402628,S000061451106,세줄쓰기,12000.0,10800.0,이은경,상상아카데미,20220720,2022,가정/육아
28,9791186117002,S000001879640,하루 5분 아빠 목소리,19500.0,17550.0,정홍,위즈덤하우스,20141120,2014,가정/육아
29,9788947503228,S000221354833,SKY와 의대는 이런 학생을 선발합니다,22000.0,19800.0,하지원,한국경제신문,20260921,2026,가정/육아
30,9791130682686,S000220929779,아이 마음 멍들지 않게,19000.0,17100.0,이근후,다산북스,20260820,2026,가정/육아
31,9791193639818,S000219488505,중3을 위한 고등학교 사용 설명서,20000.0,18000.0,이승우,좋은습관연구소,20260401,2026,가정/육아
32,9791197672170,S000216719361,똑게육아 올인원,20500.0,18450.0,로리(김준희),북로스트,20250528,2025,가정/육아
33,9791172101084,S000216374928,세상에서 가장 친절한 종이접기: 인기편,16800.0,15120.0,종이쌤,동양북스,20250502,2025,가정/육아
34,9791168342682,S000215820951,그릿,18800.0,16920.0,김주환,인플루엔셜,20250226,2025,가정/육아
35,9791193379455,S000215112483,주제 요약하기 기본,12000.0,10800.0,이은경,상상아카데미,20250110,2025,가정/육아
36,9791193506981,S000214934818,아이의 뇌,17800.0,16020.0,김붕년,포레스트북스,20241211,2024,가정/육아
37,9791165269562,S000214822606,영유아 몬테소리 육아대백과,17000.0,15300.0,시모네 데이비스,키출판사,20241122,2024,가정/육아
38,9788925551425,S000000477862,잠수네 아이들의 소문난 영어공부법: 통합로드맵,28000.0,25200.0,이신애,알에이치코리아,20131101,2013,가정/육아
39,9788931483956,S000221190092,공부 머리 만들어 주는 기적의 스트레칭,18000.0,16200.0,방글,영진닷컴,20260918,2026,가정/육아
40,9791190488730,S000221109093,초등일타국어 학습가이드,17000.0,15300.0,최지아,코리아닷컴,20260910,2026,가정/육아
41,9791193154656,S000221102585,불안 없는 아이,22000.0,19800.0,메러디스 엘킨스,교양인,20260907,2026,가정/육아
42,9791175790889,S000221031456,"AI 시대, 부모로 살아가기",19800.0,17820.0,김덕진 외,한빛미디어,20260901,2026,가정/육아
43,9791142357763,S000220438589,아이의 친구관계를 다루다,20000.0,18000.0,정유진,니들북,20260716,2026,가정/육아
44,9791193842775,S000220466287,노력이 무기가 될 때,19000.0,17100.0,김현주,청림라이프,20260708,2026,가정/육아
45,9791168104419,S000220094309,청소년 정신 건강에 관한 모든 질문,18500.0,16650.0,홍현주,주니어태학,20260605,2026,가정/육아
46,9791190488679,S000220037116,굿 인사이드,21000.0,18900.0,베키 케네디,코리아닷컴,20260520,2026,가정/육아
47,9791193407523,S000219795605,수학 잘하는 아이는 이렇게 공부합니다,19800.0,17820.0,류승재,블루무스,20260420,2026,가정/육아
48,9791168274181,S000219386401,한 권으로 끝내는 합격 생기부 탐구력,24000.0,21600.0,이로울쌤(이미연),카시오페아,20260320,2026,가정/육아
49,9791168274297,S000219340703,아이의 친구 관계,20000.0,18000.0,김붕년,카시오페아,20260311,2026,가정/육아
50,9791173324888,S000219080618,"너는 꽃이야, 별이야, 바람이야",23000.0,20700.0,오은영,김영사,20260128,2026,가정/육아
51,9788927881445,S000218900948,내 생애 첫 임신 출산 육아책(2026~2027),25000.0,22500.0,중앙북스 편집부,중앙북스,20260105,2026,가정/육아
52,9791199340022,S000218277201,아이의 뇌는 부모의 태도를 기억한다,17700.0,15930.0,도모다 아케미,퍼스트페이지,20251110,2025,가정/육아
53,9791173575259,S000218184215,산만한 아이를 위한 본질육아,22000.0,19800.0,지나영,21세기북스,20251022,2025,가정/육아
54,9791191937589,S000217140753,하루 한 장 임신 출산 데일리북,30000.0,27000.0,김문영 외,이덴슬리벨,20250811,2025,가정/육아
55,9791164052356,S000211987833,조선미의 초등생활 상담소,18500.0,16650.0,조선미,북하우스,20240123,2024,가정/육아
56,9791140703166,S000201039832,말문이 터지는 언어놀이,18000.0,16200.0,김지호,길벗,20230215,2023,가정/육아
57,9791190776820,S000001943656,4~7세보다 중요한 시기는 없습니다(15만 부 기념 에디션),19000.0,17100.0,이임숙,카시오페아,20210802,2021,가정/육아
58,9791190630962,S000001942286,하루 5분 뇌태교 동화,18000.0,16200.0,정홍,위즈덤하우스,20200427,2020,가정/육아
59,9791188007134,S000001908907,엄마의 말하기 연습,14800.0,13320.0,박재연,한빛라이프,20180226,2018,가정/육아
60,9791186117798,S000001879682,하루 5분 탈무드 태교 동화,17000.0,15300.0,정홍,위즈덤하우스,20170605,2017,가정/육아
61,9788965744528,S000001025888,회복탄력성,18000.0,16200.0,최성애,해냄출판사,20140728,2014,가정/육아
62,9791193842843,S000221191732,오늘부터 나를 사랑하는 엄마가 되기로 했다,18000.0,16200.0,케다맘,청림라이프,20260923,2026,가정/육아
63,9791194423034,S000221268509,이럴 때 이런 그림책,26500.0,23850.0,엄혜숙 외,세로북스,20260915,2026,가정/육아
64,9791167601407,S000220952928,부부 사이를 풀어 주는 관계 회복법,18000.0,16200.0,김미혜,북스고,20260831,2026,가정/육아
65,9791166572388,S000220950401,초등 저학년 문학 필독서 30,17900.0,16110.0,안지원,센시오,20260831,2026,가정/육아
66,9791199359383,S000220716117,입시는 중학교에서 끝난다,22000.0,19800.0,오대교,타인의취향,20260805,2026,가정/육아
67,9791193865286,S000220648737,똑똑한 아들로 키우는 문해력 처방전,19000.0,17100.0,김선호,노르웨이숲,20260805,2026,가정/육아
68,9791124137529,S000220512395,SKY 합격 생기부 공식,22000.0,19800.0,윤윤구 외,빅피시,20260729,2026,가정/육아
69,9788901300276,S000220500021,천종현의 초등수학 공부의 정석,19000.0,17100.0,천종현,웅진지식하우스,20260725,2026,가정/육아
70,9791124318041,S000220500797,예민한 아이 육아백과,19800.0,17820.0,서지예,빈티지하우스,20260723,2026,가정/육아
71,9791163865964,S000220342822,영어 유치원,18000.0,16200.0,김동주,예문아카이브,20260715,2026,가정/육아
72,9791124629109,S000220465882,엄마도 아이도 꼼꼼하게 성장 중입니다,19000.0,17100.0,석예희,포르체,20260708,2026,가정/육아
73,9791199663657,S000220226501,태교의 과학,20000.0,18000.0,이승주 외,나이스에듀,20260620,2026,가정/육아
74,9791168225961,S000220177104,3~6세 영어가 모국어처럼 스며드는 시간,19800.0,17820.0,이설희,서사원,20260618,2026,가정/육아
75,9791124026410,S000220052099,영재는 다르게 작동한다,19800.0,17820.0,정해민,두드림미디어,20260529,2026,가정/육아
76,9791168225916,S000219752203,중하위권 공부법 바이블,20000.0,18000.0,김경모(HUMA 아카데미 대표),서사원,20260427,2026,가정/육아
77,9791191937763,S000219670088,경주 대추밭 백한의원의 임신 동의보감,17800.0,16020.0,백진호,이덴슬리벨,20260422,2026,가정/육아
78,9791193842690,S000219615874,친구들과 잘 지내는 아이들의 비밀,18000.0,16200.0,김선호,청림라이프,20260422,2026,가정/육아
79,9791199337428,S000219609323,평범한 아이들은 어떻게 최상위권이 되었을까,19500.0,17550.0,이창준,스틸당(STEALDANG),20260410,2026,가정/육아
80,9791157848683,S000219519484,AI 시대 엄마가 먼저 알아야 할 최상위 공부법,22000.0,19800.0,오주연 외,한빛비즈,20260330,2026,가정/육아
81,9788947502559,S000219552070,퍼지 키즈,19000.0,17100.0,한지우,한경매거진앤북,20260330,2026,가정/육아
82,9791141615574,S000219513861,사회정서 키우는 그림책 수업,24000.0,21600.0,좋아서하는어린이책연구회 외,문학동네,20260325,2026,가정/육아
83,9791130674933,S000219301600,초등 읽기 독립의 힘,19000.0,17100.0,이명주,다산북스,20260223,2026,가정/육아
84,9791187809623,S000219189916,내 아이 기질을 알면 성장 방향이 보인다,18500.0,16650.0,조미상,더메이커,20260220,2026,가정/육아
85,9791193904701,S000219083555,일곱 살 아이를 다시 키운다면,18000.0,16200.0,이은경,서삼독,20260211,2026,가정/육아
86,9791191509625,S000219139455,"까다롭고 예민한 우리 아이, 왜 이렇게 힘들까요?",24000.0,21600.0,송희재,북드림,20260210,2026,가정/육아
87,9791199281325,S000219004631,"다시, 공부머리 독서법: 초등 고학년, 청소년 편",21000.0,18900.0,최승필,책구루,20260207,2026,가정/육아
88,9791168273986,S000219133621,최소한의 훈육,21000.0,18900.0,이임숙,카시오페아,20260130,2026,가정/육아
89,9791193842607,S000218980006,챗GPT로 시작하는 초등 영어 글쓰기,19000.0,17100.0,방지현,청림라이프,20260128,2026,가정/육아
90,9791198825070,S000218977738,엄마의 감정 공부,17000.0,15300.0,박별보라,더테라스(THE TERRACE),20260115,2026,가정/육아
91,9791190888417,S000218741536,느린 아이 행복 수업,17700.0,15930.0,이혜영,마음책방,20260110,2026,가정/육아
92,9791138850865,S000218881190,인공지능 시대 자녀를 성공으로 이끄는 최고의 부모,17000.0,15300.0,김영락,좋은땅,20251225,2025,가정/육아
93,9791199505544,S000218786840,ADHD 교사엄마가 ADHD 아이에게 전하는 학교생활백서,23000.0,20700.0,채나영,에듀니티교육연구소,20251220,2025,가정/육아
94,9791194627173,S000218681298,초등 상위 1%는 이렇게 책을 읽습니다,19000.0,17100.0,최지아,웨일북(whalebooks),20251205,2025,가정/육아
95,9791192357201,S000218603748,하루의 말이 평생의 아이를 바꾼다,22000.0,19800.0,원민우,비단숲,20251201,2025,가정/육아
96,9791171011964,S000218365225,엄마라는 바다를 위하여,20000.0,18000.0,오수영,사람in,20251106,2025,가정/육아
97,9791194534440,S000218306240,아이의 성장 스위치를 켜라: 스스로 배우고 성장하고 싶게 만든다,20000.0,18000.0,최윤희 외,클라우드나인,20251027,2025,가정/육아
98,9791199326811,S000217347058,"우리 아이 마음 지도, TCI로 읽다",16000.0,14400.0,이안백,북마크,20250820,2025,가정/육아
99,9791159435058,S000217113933,톡톡! 우리 아이 발달 센터,22000.0,22000.0,임신영,아침사과,20250804,2025,가정/육아
100,9791199340008,S000217112120,부모의 말투는 아이의 감정이 된다,17500.0,15750.0,우치다 겐지,퍼스트페이지,20250721,2025,가정/육아
101,9791194033936,S000216879386,내 아이의 사회성,18800.0,16920.0,지니 킴,빅피시,20250625,2025,가정/육아
102,9791168273320,S000216612764,부모의 감정 어휘력,21000.0,18900.0,김종원,카시오페아,20250619,2025,가정/육아
103,9791198319463,S000216668021,감정폭발,15000.0,13500.0,앨리슨 에드워즈,갈락시아스,20250526,2025,가정/육아
104,9791165263171,S000216515568,어린이 몬테소리 육아대백과,18000.0,16200.0,시모네 데이비스 외,키출판사,20250519,2025,가정/육아
105,9791197897849,S000216467002,처음 가르치는 ABA: 실전편,16800.0,15120.0,밥 첸,캥거루북스,20250509,2025,가정/육아
106,9791168623538,S000216255069,발달장애 내 아이를 위한 말하기 대하기 수업,18000.0,16200.0,고지마 유키,시그마북스,20250502,2025,가정/육아
107,9791169851305,S000216063646,부모의 내면이 아이의 세상이 된다,19800.0,17820.0,대니얼 J. 시겔 외,페이지2북스,20250401,2025,가정/육아
108,9791196316860,S000215820354,"다시, 공부머리 독서법: 영유아, 초등 저학년 편",19000.0,17100.0,최승필,책구루,20250331,2025,가정/육아
109,9791193296844,S000216065481,에르디아 비경쟁토론 수업을 디자인하다,22000.0,19800.0,에르디아 대화학교,초록비책공방,20250330,2025,가정/육아
110,9791140712847,S000216110427,나만 알고 싶은 국어 1등급의 비밀,22000.0,19800.0,엄태욱,길벗,20250328,2025,가정/육아
111,9791140712694,S000215839100,그때 아이에게 들려줘야 할 말,17800.0,16020.0,윤여진,길벗,20250228,2025,가정/육아
112,9791168272774,S000215878098,민주쌤의 육아 코칭 백과,20000.0,18000.0,이민주,카시오페아,20250227,2025,가정/육아
113,9791194033523,S000215653350,아이의 행동이 저절로 바뀌는 훈육의 정석,18800.0,16920.0,김보경,빅피시,20250212,2025,가정/육아
114,9791192097954,S000215528054,"아이에게 딱 하나만 가르친다면, 자기 조절",19000.0,17100.0,김효원,웨일북(whalebooks),20250120,2025,가정/육아
115,9791167141033,S000215028038,행복한 커플은 어떻게 싸우는가,22000.0,19800.0,존 가트맨 외,해냄출판사,20241220,2024,가정/육아
116,9791198521729,S000214916538,컬러풀 브레인 프렌즈(Colorful Brain Friends),20000.0,18000.0,차예진,우주스토리,20241202,2024,가정/육아
117,9791191013801,S000214882870,사교육 없이 명문대 가는 집공부 전략,18000.0,16200.0,노을커피(신은정),북라이프,20241128,2024,가정/육아
118,9791168223233,S000214645739,다섯 살 공부 정서,17000.0,15300.0,박밝음,서사원,20241105,2024,가정/육아
119,9791130658452,S000214512007,성적을 부탁해 티처스,22000.0,19800.0,정승제 외,다산에듀,20241029,2024,가정/육아
120,9791191975246,S000214465906,내 아이 언어 발달의 모든 것,19800.0,17820.0,원민우,시월,20241020,2024,가정/육아
121,9788968334771,S000214204200,"툭하면 떼쓰는 아이, 감정 폭발하는 부모",17000.0,15300.0,아육톡(유동현·유지희·지은희),물주는아이,20240910,2024,가정/육아
122,9791193379349,S000213902350,전래동화 바꿔쓰기,12000.0,10800.0,이은경,상상아카데미,20240725,2024,가정/육아
123,9791198843005,S000213834650,초등학교 입학준비 Q&A,18000.0,18000.0,김선경 외,에이스북,20240720,2024,가정/육아
124,9791198442482,S000213859283,아동양육시설 실무자를 위한 양육가이드북 세트,42000.0,37800.0,정은진 외,리얼러닝,20240701,2024,가정/육아
125,9788927748021,S000213636501,도란의 40주 임신 출산 다이어리,19000.0,17100.0,도란,다락원,20240620,2024,가정/육아
126,9791168271999,S000213513428,부모의 어휘력,19000.0,17100.0,김종원,카시오페아,20240617,2024,가정/육아
127,9791169092418,S000213396429,모든 아이는 예민하다,18000.0,16200.0,김효원,글항아리,20240603,2024,가정/육아
128,9791171253395,S000213288850,감정조절 아기훈육법,22000.0,19800.0,김수연,시공사,20240510,2024,가정/육아
129,9791198741301,S000212999799,자폐 영유아와 함께 놀이하며 성장하기,19200.0,17280.0,남보람,새로온봄,20240505,2024,가정/육아
130,9791193407219,S000213056662,4~7세 보고 만지는 수학은 이렇게 가르칩니다,25000.0,22500.0,최경희,블루무스,20240430,2024,가정/육아
131,9791172100339,S000213024685,세상에서 가장 친절한 종이접기: 실력편,14000.0,12600.0,종이쌤(이번찬),동양북스,20240422,2024,가정/육아
132,9791198561640,S000212864254,엄마를 사랑해서 태어났어,11000.0,9900.0,이케가와 아키라,시월의책,20240401,2024,가정/육아
133,9791193842010,S000212676353,내 아이를 위한 사교육은 없다,18000.0,16200.0,김현주,청림라이프,20240320,2024,가정/육아
134,9788934965404,S000212675550,국어 잘하는 아이가 이깁니다,17500.0,15750.0,나민애,김영사,20240315,2024,가정/육아
135,9791172100124,S000212657107,"미적분, 초등도 풀 만큼 쉽게 가르쳐주마",18000.0,16200.0,조안호,동양북스,20240310,2024,가정/육아
136,9791165348748,S000211822974,엄마는 아무 말도 하지 않을 거야,17500.0,15750.0,최은아,쌤앤파커스,20240122,2024,가정/육아
137,9791186202753,S000211880065,첫 1년 움직임의 비밀,18000.0,16200.0,마리안 헤름센-판 완로이,푸른씨앗,20240115,2024,가정/육아
138,9788967998059,S000211686291,어린이 플레이코노미,19000.0,17100.0,지수희,북오션,20240104,2024,가정/육아
139,9791198268785,S000211752733,그림책은 힘이 세다,17000.0,15300.0,박미숙,책이라는신화,20231225,2023,가정/육아
140,9791193506202,S000212053843,아이는 무엇으로 자라는가,17500.0,15750.0,버지니아 사티어,포레스트북스,20231218,2023,가정/육아
141,9788968334566,S000211624329,퐁당퐁당 단계별 놀이 육아,19500.0,17550.0,장민정,물주는아이,20231212,2023,가정/육아
142,9791191309485,S000209212332,송재환 쌤의 초3 국어교과서 따라쓰기 공부법,14800.0,13320.0,송재환,글담출판,20231013,2023,가정/육아
143,9788999726941,S000208589876,ADHD 아동을 위한 1000가지 베스트팁,16000.0,14400.0,Susan Ashley,학지사,20230825,2023,가정/육아
144,9791193080061,S000203273910,불안이 많은 아이,18000.0,16200.0,이다랑,한빛라이프,20230801,2023,가정/육아
145,9791192097565,S000203272940,엄마표 수학 큐레이션,16800.0,15120.0,오안쌤,웨일북(whalebooks),20230725,2023,가정/육아
146,9791187113614,S000202744795,ADHD·자폐 아이를 성장시키는 말 걸기,17000.0,15300.0,혼다 히데오,이아소,20230710,2023,가정/육아
147,9791196355722,S000202856021,우리 아이와 함께 하는 엄마표 ABA,20000.0,18000.0,메리 바베라,ABA부모회,20230707,2023,가정/육아
148,9791192769332,S000202854846,프랑스 아이처럼,17500.0,15750.0,파멜라 드러커맨,북하이브,20230630,2023,가정/육아
149,9791168271241,S000202740500,토닥토닥맘 놀이 육아 바이블,21000.0,18900.0,토닥토닥맘(장서연),카시오페아,20230628,2023,가정/육아
150,9791166571060,S000202597513,초등 인문학 필독서 45,19800.0,17820.0,김철홍,센시오,20230615,2023,가정/육아
151,9791191825978,S000202399555,회복탄력성의 힘,17800.0,16020.0,지니 킴,빅피시,20230615,2023,가정/육아
152,9791192730554,S000202653741,수학 공부의 정석,18000.0,16200.0,정근창,포르체,20230612,2023,가정/육아
153,9791191462197,S000201237519,부모 심리 수업,17000.0,15300.0,권경인,라이프앤페이지,20230403,2023,가정/육아
154,9791168125865,S000201062628,초등 메타인지 공부력,18000.0,16200.0,김금선,위즈덤하우스,20230303,2023,가정/육아
155,9791188613304,S000200906046,지안이는 1학년,16800.0,15120.0,전영신,스토리닷,20230219,2023,가정/육아
156,9791165346805,S000200639915,자발적 방관육아,16800.0,15120.0,최은아,쌤앤파커스,20230131,2023,가정/육아
157,9791198129109,S000200608044,베싸육아,22000.0,20000.0,박정은,래디시,20230118,2023,가정/육아
158,9791168221277,S000200411926,우리 아이 기질 맞춤 양육 매뉴얼,19000.0,17100.0,정가은,서사원,20230105,2023,가정/육아
159,9791185402673,S000200408758,표현글쓰기,12000.0,10800.0,이은경,상상아카데미,20221215,2022,가정/육아
160,9791185402680,S000200408755,이은경쌤의 초등 글쓰기 완성 시리즈: 교과서 논술 기본,12000.0,10800.0,이은경,상상아카데미,20221215,2022,가정/육아
161,9791192625300,S000200046971,이은경쌤의 초등어휘일력 365,18800.0,16920.0,이은경,포레스트북스,20221028,2022,가정/육아
162,9791190888219,S000061863920,0~5세 성장 발달에 맞추는 놀이 육아,22200.0,19980.0,김원철 외,마음책방,20221005,2022,가정/육아
163,9788901264639,S000061896130,ADHD 우리 아이 어떻게 키워야 할까,18000.0,16200.0,신윤미,웅진지식하우스,20220922,2022,가정/육아
164,9791167600332,S000061695421,품격 있는 아내들의 남편 다루는 법,17000.0,15300.0,김민수,북스고,20220830,2022,가정/육아
165,9791191343557,S000061585863,새벽달 엄마표 영어 20년 보고서,16800.0,15120.0,새벽달(남수진),롱테일북스,20220809,2022,가정/육아
166,9791191621112,S000061354006,긍정적으로 아이 키우기,15000.0,13500.0,조안 듀랜트,민들레,20220607,2022,가정/육아
167,9791190457194,S000061353724,깨어있는 부모,17800.0,16020.0,셰팔리 차바리,나무의마음,20220525,2022,가정/육아
168,9791168220447,S000001852402,느리고 서툰 아이 몸놀이가 정답이다,16800.0,15120.0,김승언,서사원,20220225,2022,가정/육아
169,9791191239560,S000001949536,대치동 초등 로드맵,15000.0,13500.0,손아름,타임북스,20220225,2022,가정/육아
170,9791197628580,S000001987633,"101권의 그림책, 제대로 재밌게 읽자! 1",24000.0,21600.0,이차숙,초록서재,20220217,2022,가정/육아
171,9791197628597,S000001987634,"101권의 그림책, 제대로 재밌게 읽자! 2",24000.0,21600.0,이차숙,초록서재,20220217,2022,가정/육아
172,9791197419034,S000061586155,탁트임 엄마표 언어치료,28000.0,25200.0,김다은,탁트임출판사,20220207,2022,가정/육아
173,9791191714067,S000001952756,질문이랑 놀이랑,16000.0,14400.0,김선미 외,산지,20220204,2022,가정/육아
174,9788974799588,S000001165628,어린이를 위한 마음챙김 워크북,16000.0,14400.0,한나 셔먼,불광출판사,20211206,2021,가정/육아
175,9791191714043,S000001952754,하브루타야 부탁해,15000.0,13500.0,권문정,산지,20211201,2021,가정/육아
176,9791190538404,S000001941417,신의진의 아이심리백과(30만 부 기념 최신 증보판),26800.0,24120.0,신의진,메이븐,20211108,2021,가정/육아
177,9791191347456,S000001950605,아들의 뇌,15000.0,13500.0,곽윤정,포레스트북스,20211012,2021,가정/육아
178,9791191724035,S000001952819,그림책 성교육,18000.0,16200.0,김경란 외,교육과실천,20211007,2021,가정/육아
179,9791191183078,S000001948704,우리 아이 영어책 지도,24000.0,21600.0,아이걸음,혜다,20210825,2021,가정/육아
180,9791165216412,S000001834665,어휘력 10배 올리는 하루 10분 대화놀이,14800.0,13320.0,김지호,길벗,20210820,2021,가정/육아
181,9788930259064,S000000543090,골든타임 책육아,16000.0,14400.0,남미영,스마트베어,20210601,2021,가정/육아
182,9791190488198,S000001941015,10대 놀라운 뇌 불안한 뇌 아픈 뇌,15800.0,14220.0,김붕년,코리아닷컴,20210410,2021,가정/육아
183,9791197100420,S000001983782,우리 아이는 왜 불안할까,16000.0,14400.0,앨리슨 에드워즈,갈락시아스,20210322,2021,가정/육아
184,9791188915415,S000001920391,감각통합놀이,19000.0,17100.0,석경아 외,소울하우스,20210222,2021,가정/육아
185,9791197139666,S000001984254,초등 노트 필기의 기술,16800.0,15120.0,서휘경 외,멀리깊이,20201028,2020,가정/육아
186,9791130631998,S000001687013,아이를 위한 돈의 감각,16000.0,14400.0,베스 코블리너,다산에듀,20201020,2020,가정/육아
187,9788952242433,S000000722470,나는 오늘도 너에게 화를 냈다,17000.0,15300.0,최민준,살림,20201019,2020,가정/육아
188,9791188806157,S000001918726,놀자 놀자 해랑 놀자,17000.0,15300.0,강윤자 외,목수책방,20200831,2020,가정/육아
1,9791176881326,S000221338082,혈당의 배신,19800.0,17820.0,박지인,모티브,20260923,2026,건강
2,9791122022803,S000221367583,난치에서 완치로,22000.0,19800.0,문형철 외,건생병사북스,20260909,2026,건강
3,9791197437311,S000001986541,백년허리 2: 치료편,18500.0,16650.0,정선근,언탱글링,20210513,2021,건강
4,9791176214537,S000221034296,건강한 세포는 말한다,19000.0,17100.0,정완식,바른북스,20260827,2026,건강
5,9791194368830,S000218731172,포에버 스트롱,23000.0,20700.0,가브리엘 라이언,상상스퀘어,20251217,2025,건강
6,9791197437304,S000001986540,백년허리 1: 진단편,18500.0,16650.0,정선근,언탱글링,20210415,2021,건강
7,9788901299778,S000219791067,착한 염증 나쁜 염증,21000.0,18900.0,이승훈,웅진지식하우스,20260424,2026,건강
8,9791198463807,S000220997024,잘잘잘 건강,20000.0,18000.0,무영 외,사람책,20260830,2026,건강
9,9791124649480,S000220465455,나는 알코올중독 의사였습니다,19800.0,17820.0,이준서,모티브,20260710,2026,건강
10,9791173573699,S000216957024,뇌가 멈추기 전에,19900.0,17910.0,이승훈,21세기북스,20250702,2025,건강
11,9791197437373,S000213659856,백년목 1,22000.0,19800.0,정선근,언탱글링,20240625,2024,건강
12,9791199962989,S000221257471,교양 식품과 건강,22000.0,19800.0,조유란,도서출판등,20260909,2026,건강
13,9791167601322,S000220292977,우아한 노화,18800.0,16920.0,김수연,북스고,20260626,2026,건강
14,9791158464639,S000220100721,내 몸 오래 쓰는 백년 스트레칭,19000.0,17100.0,김범수,비타북스,20260529,2026,건강
15,9791190488662,S000219407452,감각의 뇌과학,22000.0,19800.0,문제일,코리아닷컴,20260315,2026,건강
16,9791194755197,S000216423055,"암에 지는 사람, 암을 이기는 사람(무병장수 에디션)",19000.0,17100.0,김의신,쌤앤파커스,20250508,2025,건강
17,9791197437380,S000213842023,백년목 2,22000.0,19800.0,정선근,언탱글링,20240718,2024,건강
18,9791172102548,S000221250706,내 몸을 아는 힘,18500.0,16650.0,박은지,동양북스,20260921,2026,건강
19,9791159435423,S000218960888,비만록: 나는 마운자로를 맞는 의사다,18000.0,16200.0,장형우,아침사과,20260120,2026,건강
20,9791198648013,S000214976463,만성질환 자연치료 식이요법 갭스(GAPS diet),33000.0,29700.0,Natasha Campbell-McBride,겸엑스,20241216,2024,건강
21,9788901285146,S000213667191,해독 혁명,18500.0,16650.0,닥터 라이블리(최지영),웅진지식하우스,20240630,2024,건강
22,9791189809621,S000211029600,병에 걸려도 잘 사는 법,21000.0,18900.0,김영길,서울셀렉션,20231106,2023,건강
23,9791191378238,S000061757976,나영무 박사의 암 치유 기적의 운동,17000.0,15300.0,나영무,체인지업,20220913,2022,건강
24,9791168226180,S000220923757,식탁 위의 염증,20000.0,18000.0,김슬기,서사원,20260910,2026,건강
25,9788965968580,S000221193501,치매인 줄 알았는데 우울증,19000.0,17100.0,와다 히데키,흐름출판,20260908,2026,건강
26,9791187330394,S000220211130,자가 수리점,18000.0,16200.0,헨리 비일러,사이몬북스,20260701,2026,건강
27,8809565330452,S000219862588,시니어 힐링 필사 노트: 마음글벗 - 성경 필사(큰글자도서)(노출제본),16000.0,11200.0,베이직콘텐츠랩,베이직북스,20260511,2026,건강
28,9788936481278,S000219795854,가짜 환자,18000.0,16200.0,김현아,창비,20260424,2026,건강
29,9791192376288,S000208575001,뇌전증 이야기,19800.0,17820.0,김흥동,페이퍼로드,20230821,2023,건강
30,9791196834005,S000001981146,백년운동,19500.0,17550.0,정선근,아티잔,20191031,2019,건강
31,9788967441791,S000001047356,환자 혁명,15000.0,13500.0,조한경,에디터,20171111,2017,건강
32,9788996035510,S000001587680,아사나 쁘라나야마 무드라 반다(한국어판),31000.0,27900.0,한국요가출판사 편집부,한국요가출판사,20060101,2006,건강
33,9791191443523,S000221194281,조은날하루의 항암 생존 레시피,18000.0,16200.0,조은날하루,북핀,20260930,2026,건강
34,9791124401385,S000221248771,당신의 마지막 피부과,20000.0,18000.0,박상영 외,나비의활주로,20260923,2026,건강
35,9791163722724,S000221367748,백년양치질,20000.0,18000.0,허석모,소리내,20260920,2026,건강
36,8809565330483,S000220616175,큰 글자 매일 필사: 명언,12000.0,8400.0,다숲,은빛서재,20260914,2026,건강
37,9791192806303,S000221162702,마스터,16800.0,15120.0,케이(넥스트레벨힐러),케이미라클모닝,20260908,2026,건강
38,9791124336182,S000221173636,이명은 어떻게 사라지는가,25000.0,22500.0,김영호,사이언스북스,20260831,2026,건강
39,9791176611022,S000220923028,원시인 수면법,24000.0,21600.0,메레인 판더라르,21세기북스,20260826,2026,건강
40,9791158464677,S000220931144,"그 통증, 사실은 턱관절이 문제입니다",18500.0,16650.0,박보라,비타북스,20260826,2026,건강
41,9791124073353,S000220573910,자도 자도 피곤한 당신을 위한 수면 처방,20000.0,18000.0,이준용,미래의창,20260803,2026,건강
42,9791124272589,S000220699641,한 번 배우면 평생 쓰는 해부학,24000.0,21600.0,하시모토 히사시,한스미디어,20260731,2026,건강
43,8809565330476,S000220339984,큰 글자 매일 필사: 속담,12000.0,8400.0,다숲,은빛서재,20260720,2026,건강
44,9791199691445,S000220221512,콩팥 대회복,17800.0,16020.0,고즈키 마사히로,북웨이브,20260709,2026,건강
45,9791190227681,S000219931328,제시언니의 갱년기 수업,19800.0,17820.0,제시언니,힘찬북스,20260518,2026,건강
46,9791192156514,S000219930850,매일 두뇌 건강 트로트 필사,17800.0,16020.0,HRS 학습센터,가위바위보,20260515,2026,건강
47,8809416542270,S000220120863,어르신들을 위한 시니어 가로세로 낱말퍼즐,13500.0,9450.0,정희경,달곰미디어,20260515,2026,건강
48,9791159435508,S000219595938,남스어프로치,29000.0,26100.0,남준록 외,아침사과,20260406,2026,건강
49,9791160322699,S000219544248,김명섭의 아나토미 헬스 교실,24800.0,22320.0,김명섭,싸이프레스,20260325,2026,건강
50,8809565330407,S000219311357,시니어 힐링 필사 노트: 마음글벗 - 세계 명언 필사(큰글자도서)(노출제본),16000.0,11200.0,베이직콘텐츠연구소,베이직북스,20260223,2026,건강
51,8809416542249,S000219135434,어르신들을 위한 시니어 숨은그림찾기,13500.0,9450.0,서석근,달곰미디어,20260115,2026,건강
52,9791163144069,S000216290118,건강지속력,18000.0,16200.0,조셉킴,보리출판사,20250415,2025,건강
53,9791197987694,S000215523027,요가 아나토미,32000.0,28800.0,레슬리 카미노프 외,푸른솔,20250108,2025,건강
54,9791194087014,S000215065685,스트레칭의 과학,25000.0,22500.0,리다 말렉,사이언스북스,20241231,2024,건강
55,9791186745762,S000214846596,기적의 편식,16800.0,15120.0,김주영,정말중요한,20241130,2024,건강
56,9791158464271,S000214604344,"만병의 근원, 담적증후군",22000.0,19800.0,최서형,헬스조선,20241030,2024,건강
57,9791189809720,S000214846346,나를 살리는 생명 리셋,24800.0,22320.0,전홍준,서울셀렉션,20241021,2024,건강
58,9791191136272,S000214197890,이명과 난청 리셋법,17700.0,15930.0,기무라 시노부,청홍,20241010,2024,건강
59,9791198055378,S000202652616,주디스의 회복 요가,24000.0,21600.0,주디스 핸슨 라세터,침묵의향기,20230614,2023,건강
60,9791156162957,S000201055874,콩팥병을 이기는 매일 밥상,18000.0,16200.0,어메이징푸드,리스컴,20230302,2023,건강
61,9788967442491,S000200135471,"말기 암 진단 10년, 건강하게 잘 살고 있습니다",18000.0,16200.0,주마니아,에디터,20221107,2022,건강
62,9791159433405,S000061442604,글루코스 혁명,18000.0,18000.0,제시 인차우스페,아침사과,20220712,2022,건강
63,9791159555824,S000001780564,췌장암 안내서,30000.0,30000.0,김송철 외,군자출판사,20200731,2020,건강
64,9788994950273,S000001559612,윤홍식의 용호비결 강의,20000.0,18000.0,윤홍식,봉황동래,20190111,2019,건강
65,9791158462390,S000001767370,닥터키친의 맛있는 당뇨 밥상,16800.0,15120.0,닥터키친 식이연구소,비타북스,20180601,2018,건강
66,9788995797020,S000001581498,요가 디피카,28000.0,26600.0,B.K.S. 아헹가,선요가,20141215,2014,건강
67,9791185020600,S000001861031,당뇨약 끊기 3개월 프로그램,14000.0,12600.0,신동진,비타북스,20141125,2014,건강
68,9791193842836,S000221354804,어떻게 나이 들지 배웁니다,19000.0,17100.0,김광일,청림라이프,20261006,2026,건강
69,9791170685296,S000221367536,통증의 착각 1,21000.0,21000.0,조성형 외,군자출판사,20260921,2026,건강
70,9791170685302,S000221368599,통증의 착각 2,21000.0,21000.0,조성형 외,군자출판사,20260921,2026,건강
71,9791199855588,S000221194201,집에서 치매 부모 돌보는 법,24000.0,21600.0,박창훈,디멘시아북스(DementiaBooks),20260915,2026,건강
72,9791193659083,S000220957052,미소력,19000.0,17100.0,김태형,헤세의서재,20260915,2026,건강
73,9791194124245,S000221151674,내 마음에 꽃이 피었습니다: 꽃편,14000.0,12600.0,건강 100세 연구원,비타민북,20260915,2026,건강
74,9788925569321,S000221062108,김병곤의 평생 건강,20000.0,18000.0,김병곤,알에이치코리아,20260907,2026,건강
75,9791198742179,S000221143299,홍정기의 장수근육 혁명,19800.0,17820.0,홍정기,깸,20260915,2026,건강
76,9788901300610,S000220991146,대사 리셋,22000.0,19800.0,벤 아자디,웅진지식하우스,20260825,2026,건강
77,9791199524101,S000220723186,세계최초 생리학적 체중감량,18000.0,16200.0,OX경제연구소,OX경제연구소,20260824,2026,건강
78,9791124848005,S000220663382,술 패러독스,22000.0,19800.0,박상철,서울셀렉션,20260805,2026,건강
79,9791124665015,S000220662625,척추 측만증 바르게 이해하기,22000.0,19800.0,김용정,서울의학서적,20260801,2026,건강
80,9791186745984,S000220616117,미네랄은 어떻게 내 몸을 고치는가,25000.0,22500.0,제임스 디니콜란토니오 외,정말중요한,20260731,2026,건강
81,9791199978195,S000220582802,실전교도소 건달운동법,48000.0,43200.0,시라소니한샘,시라소니컴퍼니(SIRASONY COMPANY),20260724,2026,건강
82,9791199024670,S000220516435,아픈 사람의 99%는 장누수다,20000.0,18000.0,강신용,내몸사랑연구소,20260724,2026,건강
83,9791187847236,S000220510264,"전립선암, 제대로 알고 제대로 치료하자",25000.0,22500.0,변석수,와우라이프,20260720,2026,건강
84,9791194124221,S000220293062,나는 쓴다 윤동주(큰글씨),17800.0,16020.0,윤동주,비타민북,20260710,2026,건강
85,9788997347285,S000220466727,혈관 해독: 10분 루틴,25000.0,22500.0,밸류어블라이프,THE나래,20260705,2026,건강
86,9788976048196,S000220276012,완전 해독으로 내 몸 리셋,19800.0,17820.0,박찬우,문예춘추사,20260630,2026,건강
87,9791173326998,S000220296840,우리는 어떻게 다시 젊어지는가,19800.0,17820.0,안강,김영사,20260630,2026,건강
88,9788901300207,S000220356371,마흔부터 생존 감량,19500.0,17550.0,김경곤,웅진지식하우스,20260629,2026,건강
89,9791197606816,S000220218656,누구나 비만 탈출하기,18000.0,16200.0,OX경제연구소,글로벌,20260626,2026,건강
90,9791168624849,S000220240846,헝거코드,22000.0,19800.0,제이슨 펑,시그마북스,20260619,2026,건강
91,9791124370698,S000220042233,체질혁명,22000.0,19800.0,체질닥터(박철진),모티브,20260529,2026,건강
92,9791176560061,S000220054179,역노화 솔루션,22000.0,19800.0,장일영,페스트북,20260522,2026,건강
93,9791170684619,S000220053930,풋살 부상 가이드,20000.0,18000.0,권병조 외,군자출판사,20260522,2026,건강
94,9788927813637,S000219925858,살 빠지는 몸의 비밀,19000.0,17100.0,아네테 삼스,중앙북스,20260507,2026,건강
95,9791199269583,S000219918666,하루 10분 걷듯이 달렸을 뿐인데,18000.0,16200.0,다나카 히로아키,향기책방,20260507,2026,건강
96,9791186745960,S000219785819,안 아픈 아이 잘 낫는 아이 이렇게 키워라,22000.0,19800.0,엘리사 송,정말중요한,20260430,2026,건강
97,9791193939512,S000219725308,첫 끼의 기적,18800.0,16920.0,조승우,라곰,20260422,2026,건강
98,9791194627265,S000219680920,100년 쓰는 몸을 만드는 걷기와 달리기,20000.0,18000.0,김병곤,웨일북(whalebooks),20260420,2026,건강
99,9791175780194,S000219713029,하버드 식사 혁명,17800.0,16020.0,하마야 리쿠타,부키,20260417,2026,건강
100,9791157787500,S000219665365,"새로운, 걸으면 산다 2(큰글자도서)",15000.0,13500.0,김영길,맑은샘,20260407,2026,건강
101,9791156374855,S000219570469,우리 산야에서 만나는 풀·나무 야생 약초 도감,33000.0,29700.0,약산,푸른행복,20260406,2026,건강
102,8809565330438,S000219513854,시니어 힐링 필사 노트: 마음글벗 - 세계 명시 필사(큰글자도서)(노출제본),16000.0,11200.0,베이직콘텐츠랩,베이직북스,20260403,2026,건강
103,9791170684466,S000219616261,익숙함에 가려진 몸의 지혜,25000.0,22500.0,Moshe Feldenkrais,군자출판사,20260331,2026,건강
104,9788927813590,S000219411961,젊음의 과학,18500.0,16650.0,라라 헤메릭 외,중앙북스,20260330,2026,건강
105,8809565330414,S000219311382,시니어 힐링 컬러링북: 풍경에 물들다,17000.0,11900.0,김현경,베이직북스,20260317,2026,건강
106,9788901299532,S000219386230,살찌지 않는 몸,19800.0,17820.0,우창윤,웅진지식하우스,20260313,2026,건강
107,9791194835226,S000219303009,사람을 살리는 음식 사람을 죽이는 음식,22000.0,19800.0,최철한,라의눈,20260303,2026,건강
108,8809416542256,S000219377606,어르신들을 위한 시니어 틀린그림찾기,13500.0,9450.0,달곰미디어 콘텐츠 연구소,달곰미디어,20260215,2026,건강
109,9791199043640,S000218961115,"스콜리오엑스, 척추측만증의 모든 것",34900.0,31410.0,오세일,비엠북스,20260110,2026,건강
110,9791157787272,S000218790429,"새로운, 걸으면 산다 1(큰글자도서)",15000.0,13500.0,김영길,맑은샘,20251219,2025,건강
111,9791191443462,S000218668076,100세 100문 언어 강화 두뇌 훈련,12000.0,10800.0,WG Contents Group,북핀,20251210,2025,건강
112,9791194368724,S000218576470,최박사의 운동 혁명,25000.0,22500.0,최문기,상상스퀘어,20251203,2025,건강
113,9791194777755,S000218470316,하루 15분 호르몬 혁명,20000.0,18000.0,안철우,한스미디어,20251125,2025,건강
114,9788968509216,S000218631284,췌장암 완치의 길로 가는 희망의 안내서,17000.0,17000.0,박정엽 외,연세대학교출판문화원,20251120,2025,건강
115,8809416542232,S000218615506,"어르신들을 위한 시니어 필사노트: 윤동주, 하늘과 바람과 별과 시",13500.0,12150.0,윤동주,달곰미디어,20251120,2025,건강
116,9791199539204,S000218358580,명의가 필요한 순간,18800.0,16920.0,양희,몽스북,20251107,2025,건강
117,9788996336754,S000218315374,대학병원에서 못다 한 치주염과 임플란트 이야기,18000.0,16200.0,김태일 외,XMLinkPress,20251031,2025,건강
118,8809499070967,S000218235697,매일 10분 두뇌 훈련 8가지 인지능력 종합편,19800.0,13860.0,한국치매교육협회 외,시원북스,20251028,2025,건강
119,9791159435287,S000217586212,노화 치료의 시대,25000.0,22500.0,이영진,아침사과,20251001,2025,건강
120,9791198742131,S000217394196,평생 현역으로 건강하게 사는 법,19800.0,17820.0,이시형 외,깸,20250825,2025,건강
121,9788964947562,S000217250692,뇌졸중 발 다리 재활 교과서,18900.0,17010.0,가와히라 가즈미,보누스,20250812,2025,건강
122,9791199388802,S000217249882,물의 요가 오다카,18000.0,16200.0,프란체스카 카시아 외,흐르는삶,20250728,2025,건강
123,9791186745908,S000217058126,식물성 기름의 배신,25000.0,22500.0,캐서린 섀너핸,정말중요한,20250725,2025,건강
124,9791199165458,S000217058877,염증 정복,18800.0,16920.0,송정숙,북아지트,20250721,2025,건강
125,9791193200278,S000217120393,응꼬형과 함께 하는 변비 탈출 10계명,22000.0,19800.0,윤상민 외,어깨 위 망원경,20250716,2025,건강
126,9791191443387,S000216880156,사계절 예쁜 꽃 시니어 컬러링북,10000.0,9000.0,WG Contents Group,북핀,20250710,2025,건강
127,9791194793069,S000216841738,"아토피, 당신 탓이 아닙니다",18000.0,16200.0,오츠카 아츠시,현익출판,20250623,2025,건강
128,9791129715289,S000216668100,감량 혁명,20000.0,18000.0,김희준,메가스터디북스,20250604,2025,건강
129,9788947501545,S000216297866,굿 에너지,25000.0,22500.0,케이시 민스 외,한국경제신문,20250418,2025,건강
130,9788959408634,S000216255179,지방의 역설,28000.0,25200.0,니나 타이숄스,시대의창,20250417,2025,건강
131,9791194321095,S000216226915,뫔,18000.0,16200.0,이재형,아미북스,20250402,2025,건강
132,9791169093668,S000215979495,성과학 마스터 클래스,30000.0,27000.0,에밀리 나고스키,글항아리,20250314,2025,건강
133,9788927813330,S000215928020,세상에서 가장 알기 쉬운 근육연결도감 셀프케어편,17500.0,15750.0,키마타 료,중앙북스,20250311,2025,건강
134,9791192151960,S000215688759,3가지 체액이 내 몸을 살린다,16000.0,14400.0,가타히라 에츠코,라의눈,20250203,2025,건강
135,9791158464349,S000215579126,습관 하나로 평생 가벼워졌다,19000.0,17100.0,닥터스윗비(이단비),비타북스,20250131,2025,건강
136,9791170266945,S000215579136,"마흔부터, 인생은 근력입니다",18000.0,16200.0,최윤미,그로우웨일,20250125,2025,건강
137,9791198804464,S000216885078,에스트로제닉 세대,19000.0,17100.0,안소니 G. 제이,엠케이출판,20250114,2025,건강
138,9791194087007,S000215065682,필라테스의 과학,25000.0,22500.0,트레이시 워드,사이언스북스,20241231,2024,건강
139,9791197924231,S000214874818,건선 때문에 죽을 순 없잖아,19000.0,17100.0,어니 코치(조언하),고위드북스,20241230,2024,건강
140,9791171257768,S000214938081,불멸의 호르몬,33000.0,29700.0,안철우,시공사,20241212,2024,건강
141,9791158773854,S000214648042,육식 혁명 카니보어,20000.0,18000.0,이소미 외,바이북스,20241205,2024,건강
142,9791156374794,S000214645500,동의보감 건강약초 약차·약술,39800.0,35820.0,박종철,푸른행복,20241115,2024,건강
143,9791168622944,S000214623286,치과의사가 알려주는 어른의 양치질,17000.0,15300.0,이토 사이유,시그마북스,20241111,2024,건강
144,9791193828083,S000214647046,"단지, 소고기",18000.0,16200.0,홍지수,MID(엠아이디),20241031,2024,건강
145,9791198171733,S000214578957,건강 수명 100세 습관,19800.0,17820.0,이가세 미치야,지식서가,20241025,2024,건강
146,9791157063741,S000214597877,식단 혁명,32000.0,28800.0,조지아 에데,메디치미디어,20241022,2024,건강
147,9791198096203,S000201404322,유전자를 바꾸는 식단,19500.0,17550.0,캐서린 섀너핸 외,세이버스,20241021,2024,건강
148,9791198902108,S000214627643,아토피 건선 2달이면 낫습니다,15000.0,13500.0,김수남,도서출판 HK,20241005,2024,건강
149,9791194223160,S000214403246,이번 생에 정신과는 처음이라,19800.0,17820.0,닥터 온실,두드림미디어,20240927,2024,건강
150,9791193555033,S000214308427,슬기로운 위와 장 건강생활,17000.0,15300.0,송정숙,리더북스,20240919,2024,건강
151,9791172100667,S000214094201,인지건강 증진을 위한 두뇌 훈련: 가을편 2,14500.0,13050.0,탑클래스 두뇌발전소 외,동양북스,20240823,2024,건강
152,9791172100650,S000214094207,인지건강 증진을 위한 두뇌 훈련: 가을편 1,14500.0,13050.0,탑클래스 두뇌발전소 외,동양북스,20240823,2024,건강
153,9791172100674,S000214094189,인지건강 증진을 위한 두뇌 훈련: 가을편 3,14500.0,13050.0,탑클래스 두뇌발전소 외,동양북스,20240823,2024,건강
154,9791189809690,S000214037713,보디 리셋,22000.0,19800.0,전홍준,서울셀렉션,20240819,2024,건강
155,9791198858900,S000214262847,"최강의 다이어트, 카니보어 코드",22000.0,19800.0,폴 살라디노,그라피,20240815,2024,건강
156,9788964091487,S000214377660,황금 시니어 꽃 컬러링북,12000.0,10800.0,방정희,윤미디어,20240815,2024,건강
157,9791168091337,S000213990817,움직임의 법칙,20000.0,18000.0,운동하는 데이브(최충식),가나출판사,20240809,2024,건강
158,9791198772916,S000213728553,캔서 위너,19000.0,17100.0,김훈하 외,큐라엘,20240712,2024,건강
159,9788946075191,S000213474377,정신역학의 기초,36000.0,32400.0,정선재,한울아카데미,20240610,2024,건강
160,8809565330292,S000213086235,시니어 힐링 컬러링북: 추억에 물들다,17000.0,11900.0,김현경,베이직북스,20240518,2024,건강
161,9791171175222,S000213019896,혈당 잡고 비만 잡고 노화 잡는 토탈 리셋,19800.0,17820.0,이진복,21세기북스,20240417,2024,건강
162,9788927880325,S000212806544,세상에서 가장 알기 쉬운 근육연결도감,17500.0,15750.0,키마타 료,중앙북스,20240327,2024,건강
163,9791171711697,S000212737877,약 없이 건강해지는 식습관 상담소,19500.0,17550.0,박현아,위즈덤하우스,20240320,2024,건강
164,9788964091470,S000212738752,장수 시니어 민화 컬러링북,14800.0,13320.0,양명진,윤미디어,20240318,2024,건강
165,9791130651415,S000212713969,완전 소화,20000.0,18000.0,류은경,다산라이프,20240314,2024,건강
166,9791193677971,S000212221687,꿈의 진료실,17500.0,15750.0,황윤권,타임교육C&P,20240205,2024,건강
167,9791191136234,S000211915397,플로차트 정형외과 한약,24000.0,21600.0,니미 마사노리 외,청홍,20240130,2024,건강
168,9788964946718,S000211810438,치매를 낫게 하는 돌봄 교과서,15800.0,14220.0,요시다 가쓰아키,보누스,20240115,2024,건강
169,8809565330285,S000211775796,시니어 힐링 컬러링북: 꽃에 물들다,17000.0,11900.0,김현경,베이직북스,20240112,2024,건강
170,9791169837767,S000211496714,굿 바이 불면증,18000.0,16200.0,정윤주,라라,20231124,2023,건강
171,9791186552797,S000209650489,운동화 신은 뇌,16000.0,14400.0,존 레이티 외,녹색지팡이,20231001,2023,건강
172,9791191136173,S000209508756,공복 최고의 약,16900.0,15210.0,아오키 아츠시,청홍,20230920,2023,건강
173,9788978496926,S000208504316,New 근육운동가이드,32000.0,28800.0,프레데릭 데라비에,삼호미디어,20230831,2023,건강
174,9788972245551,S000208469958,리포머 필라테스 파트2,35000.0,35000.0,Reiner Grootenhuis,영문출판사,20230731,2023,건강
175,9791191059434,S000203281789,진료실에서 못다 한 췌장암 이야기,30000.0,27000.0,김용태 외,영진미디어,20230727,2023,건강
176,9791138821247,S000208431614,"파킨슨 씨, 우리 함께 걸어요",22000.0,19800.0,김지선,좋은땅,20230724,2023,건강
177,9791189657406,S000202632246,암을 굶기는 치료법,23000.0,23000.0,Jane McLelland,한솔의학서적,20230610,2023,건강
178,9791160079265,S000202209974,70세의 정답,16800.0,15120.0,와다 히데키,한스미디어,20230523,2023,건강
179,9788972245513,S000202182347,리포머 필라테스 파트1,35000.0,35000.0,Reiner Grootenhuis,영문출판사,20230519,2023,건강
180,9791189922429,S000201598704,어르신을 위한 화투 색칠하기,14000.0,12600.0,미토스기획,오렌지연필,20230427,2023,건강
181,9791189799915,S000201621679,내 장은 왜 우울할까,22000.0,19800.0,윌리엄 데이비스,북트리거,20230425,2023,건강
182,9788925576732,S000201575515,치매라고 두려워 마라,16800.0,15120.0,야부키 토모유키,알에이치코리아,20230420,2023,건강
183,9791198160805,S000201464172,총알개미 4(큰글자도서),20000.0,18000.0,김영길,아마도,20230414,2023,건강
184,9791185370590,S000201336431,셀프 마사지,14000.0,12600.0,사키타 미나,잇북(it book),20230324,2023,건강
185,9791191553536,S000201361015,"퇴근 후, 스트레칭",15800.0,14220.0,정민교,리얼북스,20230323,2023,건강
186,9791158463939,S000201083549,최고의 콩팥병 식사 가이드,16800.0,15120.0,해운대백병원 외,비타북스,20230301,2023,건강
187,9791196717797,S000200686977,총알개미 3(큰글자도서),20000.0,18000.0,김영길,아마도,20230110,2023,건강
188,9791188544929,S000200319598,해부생리학에 기초한 스트레칭 마스터,25000.0,22500.0,우에하라 다케시,전나무숲,20221209,2022,건강
1,9791124038826,S000221075112,머니 트렌드 2027,27500.0,24750.0,정태익 외,북모먼트,20260916,2026,경제/경영
2,9791176881364,S000221231718,판매의 법칙,22000.0,19800.0,김주환,모티브,20260915,2026,경제/경영
3,9791170614166,S000221108246,시대예보: 수고인류의 시간,22000.0,19800.0,송길영,교보문고,20260916,2026,경제/경영
4,9791124370742,S000221338065,온라인 건물주의 정석 네이버 블로그 편,49000.0,44100.0,알파남(김지수),모티브,20260923,2026,경제/경영
5,9791199489134,S000221361394,돈의 흐름을 읽는 최소한의 경제 공부,18800.0,16920.0,김선율(김멘사),리미트리스,20260918,2026,경제/경영
6,9791124073483,S000221151022,트렌드 코리아 2027,22000.0,19800.0,김난도 외,미래의창,20260930,2026,경제/경영
7,9791193904435,S000220119415,나의 첫 번째 부동산 교과서,23000.0,20700.0,송희구,서삼독,20260623,2026,경제/경영
8,9788925568218,S000221262579,클릭 히어,28000.0,25200.0,알렉스 슐츠,알에이치코리아,20260920,2026,경제/경영
9,9791168343443,S000218942259,돈의 심리학(50만 부 기념 뉴 에디션),24800.0,22320.0,모건 하우절,인플루엔셜,20260114,2026,경제/경영
10,9791194322313,S000220861137,찰리 멍거 바이블 완결판,30000.0,27000.0,김재현 외,에프엔미디어,20260820,2026,경제/경영
11,9791194979791,S000218315395,부자 아빠 투자 불변의 법칙,20000.0,18000.0,타짱,큰숲,20251031,2025,경제/경영
12,9791155815656,S000200472901,마케팅 설계자,24800.0,22320.0,러셀 브런슨,윌북,20221230,2022,경제/경영
13,9791199798144,S000220452240,독하게 돈 공부,23000.0,20700.0,박소연,메이븐,20260710,2026,경제/경영
14,9791192519883,S000209182287,"돈, 뜨겁게 사랑하고 차갑게 다루어라",15000.0,13500.0,앙드레 코스톨라니,미래의창,20230921,2023,경제/경영
15,9791124248607,S000220996224,이효석의 21세기 투자법,25000.0,22500.0,이효석,상상스퀘어,20260909,2026,경제/경영
16,9791124248256,S000219568490,"AI, 신의 탄생 인간의 종말",22000.0,19800.0,엘리에저 유드코스키 외,상상스퀘어,20260408,2026,경제/경영
17,9791193904824,S000220693861,"살 것인가, 팔 것인가, 버틸 것인가 Buy Sell Hold",28000.0,25200.0,목대균,서삼독,20260827,2026,경제/경영
18,9791188331796,S000001913217,돈의 속성(400쇄 리커버에디션),17800.0,16020.0,김승호,스노우폭스북스,20200615,2020,경제/경영
19,9791158513658,S000220923721,인생을 바꾸는 투자학개론,24000.0,21600.0,한정수,토네이도,20260826,2026,경제/경영
20,9791168342941,S000216900602,박곰희 연금 부자 수업,21000.0,18900.0,박곰희,인플루엔셜,20250625,2025,경제/경영
21,9788957365793,S000000848997,자본주의,22000.0,19800.0,EBS 자본주의 제작팀,가나출판사,20130927,2013,경제/경영
22,9791124591048,S000220119843,부의 갈림길,27000.0,24300.0,오건영,포레스트북스,20260610,2026,경제/경영
23,9788934981213,S000000597589,생각에 관한 생각,29800.0,26820.0,대니얼 카너먼,김영사,20180330,2018,경제/경영
24,9791194353690,S000220988566,돈의 역류 2027년 경제전망,20000.0,18000.0,김광석,이든하우스,20260916,2026,경제/경영
25,9791124011157,S000221337462,부동산 트렌드 2027,25000.0,22500.0,김경민 외,와이즈맵,20260930,2026,경제/경영
26,9791198517425,S000212321676,불변의 법칙,25000.0,22500.0,모건 하우절,서삼독,20240228,2024,경제/경영
27,9791130697246,S000200940784,레버리지,18000.0,16200.0,롭 무어,다산북스,20230215,2023,경제/경영
28,9791199380998,S000221336859,부의 인간학,19800.0,17820.0,이혜정 Roni H. Rhee,퍼스트북스,20260831,2026,경제/경영
29,9791196851200,S000001981341,부의 인문학(20만부 기념 개정증보판),17000.0,15300.0,우석,오픈마인드,20240125,2024,경제/경영
30,9791199032316,S000221380279,브랜드가 된 리더,24000.0,21600.0,피채희,이니티오,20260930,2026,경제/경영
31,9791130683614,S000221328269,주도주 함부로 팔지 마라,22000.0,19800.0,한지영,다산북스,20260917,2026,경제/경영
32,9791124629215,S000221109370,AI로 변화하는 일의 감각,19800.0,17820.0,김성준,포르체,20260902,2026,경제/경영
33,9791193394748,S000217259373,나의 투자술,25000.0,22500.0,기요하라 다쓰로,이레미디어,20250910,2025,경제/경영
34,9791193869505,S000221263894,금융의 종말,29000.0,26100.0,오태민 외,거인의정원,20260917,2026,경제/경영
35,9791193394984,S000220037161,시장의 마법사들,30000.0,27000.0,잭 슈웨거,이레미디어,20260603,2026,경제/경영
36,9791158513665,S000221109750,미래를 바꿀 7개의 메가트렌드에 올라타라,23000.0,20700.0,테크피드,토네이도,20260909,2026,경제/경영
37,9791124637166,S000220567836,부의 곡선,27000.0,24300.0,안유화,경이로움,20260831,2026,경제/경영
38,9791198698759,S000221063027,도쿄 프로듀서,27000.0,24300.0,야마모토 가즈히코,인벨로프,20260824,2026,경제/경영
39,9788957822678,S000220340144,전설로 떠나는 월가의 영웅,36000.0,32400.0,피터 린치 외,국일증권경제연구소,20260801,2026,경제/경영
40,9791193904671,S000218941425,돈의 방정식,28000.0,25200.0,모건 하우절,서삼독,20260116,2026,경제/경영
41,9788991378261,S000001473306,최고의 주식 최적의 타이밍,19800.0,17820.0,윌리엄 J. 오닐,굿모닝북스,20120625,2012,경제/경영
42,9791124649947,S000221074129,절세미녀가 알려주는 우리 아이 부자 세팅법,25000.0,22500.0,김희연,모티브,20260904,2026,경제/경영
43,9791193904312,S000216042606,저스트킵바잉,25000.0,22500.0,닉 매기울리,서삼독,20250328,2025,경제/경영
44,9788934911388,S000214614967,가난한 찰리의 연감,33000.0,29700.0,찰리 멍거,김영사,20241108,2024,경제/경영
45,9791192519906,S000208720003,실전 투자강의,15000.0,13500.0,앙드레 코스톨라니,미래의창,20230915,2023,경제/경영
46,9791161374253,S000219337366,세법개론 2(2026),36000.0,35640.0,임상엽 외,상경사,20260801,2026,경제/경영
47,9791140716999,S000219079916,주식투자 무작정 따라하기(2026),25000.0,22500.0,윤재수,길벗,20260130,2026,경제/경영
48,9788947547567,S000000696161,제로 투 원(10주년 기념판),18000.0,16200.0,피터 틸 외,한국경제신문,20250418,2025,경제/경영
49,9788962604658,S000000970535,투자에 대한 생각,15000.0,13500.0,하워드 막스,비즈니스맵,20120928,2012,경제/경영
50,9791124629277,S000221329731,50부터 시작하는  은퇴 후 월급 만드는 부동산,21000.0,18900.0,김학렬 in 스마트튜브,포르체,20260923,2026,경제/경영
51,9791162545034,S000221194322,짐 크레이머의 시장을 이기는 투자,23000.0,20700.0,짐 크레이머,비즈니스북스,20260914,2026,경제/경영
52,9791199691469,S000221075499,ETF 투자 혁명,19800.0,17820.0,도세 도시로,북웨이브,20260909,2026,경제/경영
53,9791124863015,S000220774539,대한민국 부의 감각,22000.0,19800.0,터보832,체인지업,20260907,2026,경제/경영
54,9791175230569,S000220860922,리테일 바이블 2030,22000.0,19800.0,리테일 소사이어티,북스톤,20260831,2026,경제/경영
55,9791130682815,S000220781163,ETF 투자 5일 완성,23000.0,20700.0,최고민수(박민수),다산북스,20260813,2026,경제/경영
56,9791193282533,S000218687476,자본주의 시대에서 살아남기 위한 최소한의 경제 공부,28000.0,25200.0,백억남(김욱현),하이스트,20251204,2025,경제/경영
57,9791138486804,S000217917233,꿈과 돈,18800.0,16920.0,니시노 아키히로,소미미디어,20251001,2025,경제/경영
58,9788932474403,S000000576570,포지셔닝(40주년 기념 스페셜 에디션),15000.0,13500.0,잭 트라우트 외,을유문화사,20210330,2021,경제/경영
59,9788919205013,S000000455944,돈,16700.0,15030.0,보도 섀퍼,에포케,20110515,2011,경제/경영
60,9788955336849,S000221381679,RWA 시대: 전통금융과 블록체인의 만남,23000.0,20700.0,박홍남,새로운제안,20261019,2026,경제/경영
61,9791175780460,S000221142625,반도체 패권 지도,23000.0,20700.0,일본경제신문사,부키,20260909,2026,경제/경영
62,9791141618865,S000221163014,아웃사이드인,18500.0,16650.0,이명우,콜라주,20260907,2026,경제/경영
63,9791193780381,S000220716759,달러 연금 수업,20000.0,18000.0,최혜실,지음미디어,20260814,2026,경제/경영
64,9791175911093,S000220492284,주식의 시대,19000.0,17100.0,EBS 다큐프라임 〈주식의 시대〉 제작진,위즈덤하우스,20260729,2026,경제/경영
65,9791161374246,S000219337221,세법개론 1(2026),36000.0,35640.0,임상엽 외,상경사,20260305,2026,경제/경영
66,9791194880455,S000219211625,"AI 제국: 권력, 자본, 노동",28800.0,25920.0,카렌 하오,생각의힘,20260227,2026,경제/경영
67,9791140717064,S000219023124,부동산 경매 무작정 따라하기,25000.0,22500.0,이현정,길벗,20260130,2026,경제/경영
68,9791175230088,S000217395322,실패를 통과하는 일,20000.0,18000.0,박소령,북스톤,20250919,2025,경제/경영
69,9791193081167,S000217419135,사업의 철학(10주년 기념판),21000.0,18900.0,마이클 거버,라이팅하우스,20250915,2025,경제/경영
70,9788962626667,S000217325457,"AGI, 천사인가 악마인가",18000.0,16200.0,김대식,동아시아,20250818,2025,경제/경영
71,9791192519890,S000210866003,투자는 심리게임이다,15000.0,13500.0,앙드레 코스톨라니,미래의창,20231110,2023,경제/경영
72,9788901260679,S000061350430,넛지(파이널 에디션),22000.0,19800.0,리처드 탈러 외,리더스북,20220620,2022,경제/경영
73,9791187444725,S000001901955,부의 추월차선(10주년 스페셜 에디션),17500.0,15750.0,엠제이 드마코,토트,20220204,2022,경제/경영
74,9791165795788,S000001840611,라오어의 미국주식 무한매수법,16000.0,14400.0,라오어,알키,20210602,2021,경제/경영
75,9788901092942,S000000403822,권력의 법칙,28000.0,25200.0,로버트 그린 외,웅진지식하우스,20090302,2009,경제/경영
76,9791124789087,S000221280414,금지된 거래의 경제학,32000.0,28800.0,앨빈 로스,생각의힘,20261001,2026,경제/경영
77,9791175230576,S000221189781,2027 트렌드 노트,22000.0,19800.0,박현영 외,북스톤,20260930,2026,경제/경영
78,9791157848980,S000221328180,추세추종 매수매도 바이블,25000.0,22500.0,올투,한빛비즈,20260928,2026,경제/경영
79,9791141617240,S000221337467,오늘의 감각,22000.0,19800.0,김미경,문학동네,20260923,2026,경제/경영
80,9791199747388,S000221339941,"넥스트 엔비디아, 투자의 미래",23000.0,20700.0,송종호,노티스,20260921,2026,경제/경영
81,9791140720316,S000221109103,2027 대한민국 트렌드,20000.0,18000.0,조성호,길벗,20260914,2026,경제/경영
82,9791139724363,S000221151797,카피라이팅 불변의 법칙,25000.0,22500.0,로버트 W. 블라이,현대지성,20260909,2026,경제/경영
83,9791124226179,S000220788317,AI 시대의 마케팅 브레인,22000.0,19800.0,김지헌,갈매나무,20260828,2026,경제/경영
84,9788935215164,S000220589311,위대한 경영의 12가지 조건,30000.0,27000.0,갤럽 외,청림출판,20260811,2026,경제/경영
85,9791172102111,S000220307312,더 골 1,24000.0,21600.0,엘리 골드렛,동양북스,20260630,2026,경제/경영
86,9791140718481,S000219570530,연금 투자 무작정 따라하기,24000.0,21600.0,김성일,길벗,20260506,2026,경제/경영
87,9788925569574,S000219570471,부의 사다리에 올라타라,23000.0,20700.0,닉 매기울리,알에이치코리아,20260410,2026,경제/경영
88,9791199747302,S000219469768,평생 월 500만 원 받는 월배당 ETF,23000.0,20700.0,배당의만장,노티스,20260323,2026,경제/경영
89,9791155818589,S000219133542,콘텐츠 설계자,21800.0,19620.0,니콜라스 콜,윌북,20260209,2026,경제/경영
90,9788986022995,S000217834880,모든 주식을 소유하라(리커버판),18000.0,16200.0,존 보글,비즈니스맵,20250925,2025,경제/경영
91,9788957822401,S000216669456,현명한 투자자,28000.0,25200.0,벤저민 그레이엄,국일증권경제연구소,20250602,2025,경제/경영
92,9788925573762,S000216465663,"엔비디아 젠슨 황, 생각하는 기계",28000.0,25200.0,스티븐 위트,알에이치코리아,20250525,2025,경제/경영
93,9791130633619,S000001687079,부자의 그릇(블랙 에디션),17000.0,15300.0,이즈미 마사토,다산북스,20240501,2024,경제/경영
94,9791165347680,S000202806814,보랏빛 소가 온다,18000.0,16200.0,세스 고딘,쌤앤파커스,20230712,2023,경제/경영
95,9791188331888,S000201274192,사장학개론,25000.0,22500.0,김승호,스노우폭스북스,20230419,2023,경제/경영
96,9791158883591,S000001772245,부자 아빠 가난한 아빠(20주년 특별 기념판),17000.0,15300.0,로버트 기요사키,민음인,20221028,2022,경제/경영
97,9791165217761,S000001834738,심리투자 불변의 법칙,20000.0,18000.0,마크 더글러스,더퀘스트,20211210,2021,경제/경영
98,9791157842636,S000001760938,원칙,35000.0,31500.0,레이 달리오,한빛비즈,20180618,2018,경제/경영
99,9791175230583,S000221327940,매스니치 서바이벌,22000.0,19800.0,이기문,북스톤,20260929,2026,경제/경영
100,9791194831471,S000221242406,2027 비즈니스 트렌드,25000.0,22500.0,권기대,베가북스,20260928,2026,경제/경영
101,9791193228081,S000221280195,다시 쓰는 나의 이력서,18000.0,16200.0,오상원,머스트리드북,20260917,2026,경제/경영
102,9791169852296,S000221280401,코트라 월드 트렌드 2027,24000.0,21600.0,KOTRA,페이지2북스,20260916,2026,경제/경영
103,9791122040203,S000221108542,고객은 검색창을 떠났다,23800.0,21420.0,김유진,도서담,20260912,2026,경제/경영
104,9788960309265,S000220994593,평생 월급을 만드는 저수지 투자법,24000.0,21600.0,여운봉,황금부엉이,20260909,2026,경제/경영
105,9791124468371,S000221191559,월 200 받던 93년생 간호사가 4년 만에 27억을 만든 방법,22000.0,19800.0,부토리,필름(Feelm),20260909,2026,경제/경영
106,9791162544990,S000220938305,부자의 영수증,18500.0,16650.0,모리타 다카코,비즈니스북스,20260828,2026,경제/경영
107,9791124468364,S000220996222,부의 출발선은 부모가 만든다,19000.0,17100.0,로또맘,필름(Feelm),20260826,2026,경제/경영
108,9788927813781,S000220939470,행운에 속지 마라,28000.0,25200.0,나심 니콜라스 탈렙,중앙북스,20260824,2026,경제/경영
109,9791162544976,S000220854454,초풍요의 시대,22000.0,19800.0,피터 디아만디스 외,비즈니스북스,20260822,2026,경제/경영
110,9791124622025,S000220929827,차트 패턴,28000.0,25200.0,토마스 N. 불코우스키,이레미디어,20260820,2026,경제/경영
111,9791124649244,S000220646274,"공시 6년 실패, 중소기업 김 대리는 어떻게 6년 만에 22억을 벌었나",22000.0,19800.0,김동면,모티브,20260803,2026,경제/경영
112,9791124468289,S000220562322,레버리지 서클,20000.0,18000.0,강호동,필름(Feelm),20260720,2026,경제/경영
113,9791172102258,S000220464986,무조건 팔리는 브랜드 마케팅 기술 100,19800.0,17820.0,김경락 외,동양북스,20260714,2026,경제/경영
114,9791169852098,S000220362618,"사라지는 돈, 살아남는 돈, 불어나는 돈",21000.0,18900.0,김효진,페이지2북스,20260708,2026,경제/경영
115,9791156266136,S000220363128,IFRS 재무회계 워크북,24000.0,24000.0,김기동,샘앤북스,20260701,2026,경제/경영
116,9791124516355,S000220221559,검색은 끝났다 AEO·GEO 마케팅,24000.0,21600.0,주민건 외,골든래빗(주),20260615,2026,경제/경영
117,9791194156413,S000219790863,AI 이후의 미래 어떻게 될 것인가,18800.0,16920.0,제이슨 솅커,더페이지,20260510,2026,경제/경영
118,9791193674383,S000219669213,피지컬 AI 2026,25000.0,22500.0,김덕진 외,스마트북스,20260417,2026,경제/경영
119,9791175230408,S000219562689,누구나 혼자 서는 순간이 온다,18000.0,16200.0,김나이,북스톤,20260409,2026,경제/경영
120,9791124345016,S000219470255,세법개론 1(2026),36000.0,36000.0,이철재 외,리즈북스,20260319,2026,경제/경영
121,9791191183351,S000219311042,경제기사 궁금증 300문 300답(2026),29800.0,26820.0,곽해선,혜다,20260305,2026,경제/경영
122,9791194508694,S000218935697,2026~2027 대한민국 산업지도,32000.0,28800.0,이래학,경이로움,20260112,2026,경제/경영
123,9791156265856,S000218933846,IFRS 중급회계 1,32000.0,31000.0,김기동 외,샘앤북스,20260102,2026,경제/경영
124,9791156265825,S000218858292,IFRS 회계원리,32000.0,31680.0,김기동 외,샘앤북스,20260102,2026,경제/경영
125,9791162544389,S000217602645,벤저민 그레이엄의 증권분석,49000.0,44100.0,벤저민 그레이엄 외,비즈니스북스,20250922,2025,경제/경영
126,9791170612971,S000217279536,워런 버핏과 찰리 멍거,35000.0,31500.0,워런 버핏 외,교보문고,20250825,2025,경제/경영
127,9791192272276,S000215791714,조직행동연구,29000.0,28400.0,백기복 외,창민사,20250217,2025,경제/경영
128,9791193941195,S000214596753,위대한 12주,18800.0,16920.0,브라이언 P. 모런 외,클랩북스,20241107,2024,경제/경영
129,9788986022919,S000214554655,마케팅 불변의 법칙,16800.0,15120.0,알 리스 외,한올엠앤씨,20241022,2024,경제/경영
130,9791170611875,S000214215646,시대예보: 호명사회,22000.0,19800.0,송길영,교보문고,20240925,2024,경제/경영
131,9788925575438,S000212146919,컨셉 수업,22000.0,19800.0,호소다 다카히로,알에이치코리아,20240124,2024,경제/경영
132,9788901279282,S000211905581,유목민의 투자의 정석,28000.0,25200.0,유목민,리더스북,20240117,2024,경제/경영
133,9791139716474,S000211816166,국부론(국내 유일 단권 완역본),38000.0,34200.0,애덤 스미스,현대지성,20240108,2024,경제/경영
134,9791171170418,S000208698551,일론 머스크,38000.0,34200.0,월터 아이작슨,21세기북스,20230913,2023,경제/경영
135,9788934965961,S000208863224,죽은 경제학자의 살아있는 아이디어(30주년 기념판),32800.0,29520.0,토드 부크홀츠,김영사,20230911,2023,경제/경영
136,9791169252218,S000061695672,라오어의 미국주식 밸류 리밸런싱,18000.0,16200.0,라오어,알키,20220829,2022,경제/경영
137,9788925578156,S000061350467,월급쟁이 부자로 은퇴하라(10만 부 돌파 기념 증보판),19800.0,17820.0,너나위,알에이치코리아,20220620,2022,경제/경영
138,9788957821848,S000000858144,금융투기의 역사,25000.0,22500.0,에드워드 챈슬러,국일증권경제연구소,20211025,2021,경제/경영
139,9791190276023,S000001938229,일의 격,18000.0,16200.0,신수정,턴어라운드,20210701,2021,경제/경영
140,9788960518711,S000000928990,편집광만이 살아남는다,18000.0,16200.0,앤드루 S. 그로브,부키,20210629,2021,경제/경영
141,9791195936380,S000001969682,핑크펭귄(Pink Penguin),15000.0,13500.0,빌 비숍,스노우폭스북스,20210428,2021,경제/경영
142,9791196921538,S000001981882,관계우선의 법칙,16000.0,14400.0,빌 비숍,애플씨드북스,20201020,2020,경제/경영
143,9791165342326,S000001835635,스노우볼 팬더밍,16800.0,15120.0,박찬우,쌤앤파커스,20201001,2020,경제/경영
144,9788984077850,S000001302341,혁신기업의 딜레마(20주년 기념 개정판),22000.0,19800.0,클레이튼 M. 크리스텐슨,세종서적,20200330,2020,경제/경영
145,9791196750459,S000001980152,전략의 거장으로부터 배우는 좋은 전략 나쁜 전략,18000.0,16200.0,리차드 럼멜트,센시오,20190826,2019,경제/경영
146,9791162540466,S000001813643,하워드 막스 투자와 마켓 사이클의 법칙,18000.0,16200.0,하워드 막스,비즈니스북스,20181105,2018,경제/경영
147,9791188279210,S000001912504,투자를 어떻게 할 것인가,18000.0,16200.0,모니시 파브라이,이레미디어,20180705,2018,경제/경영
148,9791157612819,S000001757349,수급 단타왕 주식투자 실전전략,25000.0,22500.0,고명환,메가스터디북스,20150429,2015,경제/경영
149,9788960173507,S000000919917,부자 아빠의 21세기형 비즈니스,14000.0,12600.0,로버트 기요사키 외,민음인,20140203,2014,경제/경영
150,9791173328244,S000221350830,클루,18800.0,16920.0,김혜주,김영사,20260922,2026,경제/경영
151,9791164849307,S000221257521,초번영,23000.0,20700.0,이관후,매일경제신문사,20260918,2026,경제/경영
152,9791124272800,S000221250703,머스코노미,24500.0,22050.0,정주용,한스미디어,20260917,2026,경제/경영
153,9791193725511,S000221280578,완벽한 장부,17000.0,15300.0,손보승,한국세무정보,20260916,2026,경제/경영
154,9791124359129,S000220945787,매크로 씽킹,24000.0,21600.0,헤일리(이유림),여의도책방,20260909,2026,경제/경영
155,9788925568263,S000221061939,재무제표 공부하지 말고 AI에게 맡겨라,19000.0,17100.0,유흥관,알에이치코리아,20260905,2026,경제/경영
156,9788947502993,S000221143314,집값의 법칙,20000.0,18000.0,권혁진,한국경제신문,20260904,2026,경제/경영
157,9791175790650,S000220996926,실전 AX 리포트,24000.0,21600.0,박주혜 외,한빛미디어,20260830,2026,경제/경영
158,9788925568485,S000220996817,달러 없는 미래,28000.0,25200.0,이하경,알에이치코리아,20260825,2026,경제/경영
159,9791164849147,S000220789721,경제학자는 결코 손해 보지 않는다,21000.0,18900.0,한순구,매일경제신문사,20260825,2026,경제/경영
160,9791199599987,S000220871800,장사는 설계다,19800.0,17820.0,구자호,위즈덤코드,20260821,2026,경제/경영
161,9791124637159,S000220767387,인재 없음,22000.0,19800.0,오용석,경이로움,20260819,2026,경제/경영
162,9788966265411,S000220782856,스케일링 시대,25000.0,22500.0,드와르케시 파텔,인사이트,20260815,2026,경제/경영
163,9791194353539,S000219811328,돈의 질서,20000.0,18000.0,김대호,이든하우스,20260806,2026,경제/경영
164,9791199709263,S000220616153,경제패권 500년,22000.0,19800.0,김정호,보다나은,20260722,2026,경제/경영
165,9791175230507,S000220340893,투자의 중력,22000.0,19800.0,황준호,북스톤,20260722,2026,경제/경영
166,9791168344006,S000220563850,교양을 위한 최소한의 경제지식,21000.0,18900.0,SBS 교양이를 부탁해 외,인플루엔셜,20260715,2026,경제/경영
167,9791199612150,S000219925111,AI격차,22000.0,19800.0,강협 외,도서담,20260630,2026,경제/경영
168,9791130677460,S000220307588,주식 투자의 그릇,20000.0,18000.0,후지모토 시게루,다산북스,20260623,2026,경제/경영
169,9791199059009,S000220178643,진짜 부자 가짜 부자,25000.0,22500.0,사경인,더클래스,20260611,2026,경제/경영
170,9791159735103,S000220093504,재정학연습,54000.0,48600.0,정병열,세경북스,20260527,2026,경제/경영
171,9791161374345,S000219520067,재무관리 세트,55000.0,54450.0,김종길,상경사,20260401,2026,경제/경영
172,9791157848676,S000219446416,박태웅의 AI 강의 2026,23000.0,20700.0,박태웅,한빛비즈,20260320,2026,경제/경영
173,9791194793540,S000219312395,커뮤니티 빌더들,22000.0,19800.0,백영선(록담),현익출판,20260318,2026,경제/경영
174,9791193153604,S000219406159,최소한의 경영학,23000.0,20700.0,신수정,더블북,20260312,2026,경제/경영
175,9791156265993,S000219467700,2026 세법개론 2,36000.0,36000.0,강경태,샘앤북스,20260309,2026,경제/경영
176,9791156265986,S000219438641,세법개론 1(2026),36000.0,34920.0,강경태,샘앤북스,20260305,2026,경제/경영
177,9791124070567,S000219302492,"다시, 초격차",22000.0,19800.0,권오현,쌤앤파커스,20260303,2026,경제/경영
178,9788955019094,S000219085074,IFRS 회계원리,43000.0,41700.0,최관 외,신영사,20260210,2026,경제/경영
179,9788947502412,S000219116321,AI 전환 절대 공식,20000.0,18000.0,김건우,한국경제신문,20260130,2026,경제/경영
180,9791156265863,S000219023349,IFRS 중급회계 2,32000.0,31000.0,김기동 외,샘앤북스,20260115,2026,경제/경영
181,9791194634737,S000218854072,캔들차트 하나로 끝내는 추세추종 투자,25000.0,22500.0,성승현,포르체,20260107,2026,경제/경영
182,9791198973283,S000218934233,IFRS 중급회계,65000.0,64350.0,신현걸 외,지승,20260102,2026,경제/경영
183,9791199509009,S000218229970,대형주 추세추종 투자법칙,22000.0,19800.0,이종호(전황),사피엔테스,20251105,2025,경제/경영
184,9791175230095,S000217549021,감각의 설계자들,23000.0,20700.0,김양아,북스톤,20250925,2025,경제/경영
185,9791170613114,S000217421954,시대예보: 경량문명의 탄생,22000.0,19800.0,송길영,교보문고,20250911,2025,경제/경영
186,9791194223917,S000217285698,어디에도 없는 부동산 임장 이야기,19800.0,17820.0,김지훈(타이거) 외,두드림미디어,20250814,2025,경제/경영
187,9791194620136,S000217149679,이웃집 백만장자(리미티드 에디션),19800.0,17820.0,토머스 J. 스탠리 외,지니의서재,20250810,2025,경제/경영
188,9788991378391,S000217068294,위대한 기업에 투자하라,18000.0,16200.0,필립 피셔,굿모닝북스,20250715,2025,경제/경영
1,9788937460586,S000000620195,싯다르타,8000.0,7200.0,헤르만 헤세,민음사,20020120,2002,소설
2,9791124137635,S000220693844,한국사 이상현상 연구원(일반판),22000.0,19800.0,최인서,다이브,20260831,2026,소설
3,9791194891178,S000220587963,빵충 사육 준수 사항,16800.0,15120.0,김혜영,안전가옥,20260722,2026,소설
4,9791175772892,S000220307771,테오,21000.0,18900.0,앨런 레비,오팬하우스,20260701,2026,소설
5,9791198547514,S000211748790,수족관,17700.0,15930.0,유래혁,포스터샵,20240111,2024,소설
6,9791169087520,S000221141797,녹색 절벽의 신자들,19000.0,17100.0,조예은,오리지널스,20260908,2026,소설
7,9788998441012,S000001632467,모순,13000.0,11700.0,양귀자,쓰다,20130401,2013,소설
8,9791167141637,S000220937605,서리꽃 세트,40000.0,36000.0,조정래,해냄출판사,20260824,2026,소설
9,9788937460449,S000000620181,데미안,8000.0,7200.0,헤르만 헤세,민음사,20090120,2009,소설
10,9788937461798,S000000620316,브람스를 좋아하세요,10000.0,9000.0,프랑수아즈 사강,민음사,20080502,2008,소설
11,9791170614043,S000220515357,투명한 나선,22000.0,19800.0,히가시노 게이고,북다,20260713,2026,소설
12,9788925588735,S000000479333,프로젝트 헤일메리,22000.0,19800.0,앤디 위어,알에이치코리아,20260219,2026,소설
13,9788937443848,S000000619973,이방인,10000.0,9000.0,알베르 카뮈,민음사,20190902,2019,소설
14,9791141602376,S000216796615,안녕이라 그랬어,16800.0,15120.0,김애란,문학동네,20250620,2025,소설
15,9788936439996,S000220806975,찌니주의보,16800.0,15120.0,정지아,창비,20260817,2026,소설
16,9791141602451,S000217503188,절창(화이트 에디션),18000.0,16200.0,구병모,문학동네,20250917,2025,소설
17,9788937464690,S000218858335,악수도 없이 헤어졌다,15000.0,13500.0,피천득,민음사,20251212,2025,소설
18,9788937460883,S000000620225,오만과 편견,13000.0,11700.0,제인 오스틴,민음사,20090120,2009,소설
19,9788937461033,S000000620240,인간 실격,9000.0,8100.0,다자이 오사무,민음사,20120410,2012,소설
20,9788937473401,S000200550189,급류,14000.0,12600.0,정대건,민음사,20221222,2022,소설
21,9788932909349,S000000581291,그리스인 조르바,14800.0,13320.0,니코스 카잔차키스,열린책들,20091220,2009,소설
22,9788936439743,S000216111714,혼모노,18000.0,16200.0,성해나,창비,20250328,2025,소설
23,9788972750031,S000001122985,악의,16800.0,15120.0,히가시노 게이고,현대문학,20190725,2019,소설
24,9791141548612,S000221062041,데뷔 못 하면 죽는 병 걸림 5부 굿즈박스 세트(한정판),144000.0,129600.0,백덕수,위시북스,20261208,2026,소설
25,9791172134686,S000221191551,끝나지 않는 노래,18000.0,16200.0,최진영,한겨레출판,20260915,2026,소설
26,9788937462146,S000000620351,면도날,15000.0,13500.0,서머싯 몸,민음사,20090630,2009,소설
27,9788998441074,S000001632473,나는 소망한다 내게 금지된 것을,15000.0,13500.0,양귀자,쓰다,20190420,2019,소설
28,9788937434488,S000000619590,노르웨이의 숲,17000.0,15300.0,무라카미 하루키,민음사,20170807,2017,소설
29,9788937486074,S000000621139,안나 카레니나 세트,30800.0,27720.0,레프 니콜라예비치 톨스토이,민음사,20121101,2012,소설
30,9788937460777,S000000620214,1984,11000.0,9900.0,조지 오웰,민음사,20070330,2007,소설
31,9791167764126,S000219244059,세종의 나라 2,22000.0,19800.0,김진명,이타북스,20260224,2026,소설
32,9788990982704,S000001461135,용의자 X의 헌신,18800.0,16920.0,히가시노 게이고,재인,20170830,2017,소설
33,9788937463433,S000000620480,시지프 신화,12000.0,10800.0,알베르 카뮈,민음사,20160617,2016,소설
34,9788937460050,S000000620142,동물농장,8000.0,7200.0,조지 오웰,민음사,20090107,2009,소설
35,2090000164985,S000220939335,백야,14500.0,13050.0,표도르 도스토옙스키,문학동네,20260910,2026,소설
36,9791194530701,S000218438100,괴테는 모든 것을 말했다(여름 에디션),17000.0,15300.0,스즈키 유이,리프,20251118,2025,소설
37,9788954681155,S000000781065,홍학의 자리,14000.0,12600.0,정해연,엘릭시르,20210726,2021,소설
38,9788936434120,S000000610612,소년이 온다,15000.0,13500.0,한강,창비,20140519,2014,소설
39,9788982735738,S000001277555,눈물을 마시는 새 세트,66000.0,59400.0,이영도,황금가지,20140201,2014,소설
40,9791141603649,S000221189893,재이,18000.0,16200.0,조남주,문학동네,20260909,2026,소설
41,9788937404665,S000219468964,참을 수 없는 존재의 가벼움(리커버판),17000.0,15300.0,밀란 쿤데라,민음사,20260310,2026,소설
42,9791167764119,S000219244028,세종의 나라 1,22000.0,19800.0,김진명,이타북스,20260224,2026,소설
43,9788937464614,S000215599577,사랑에 대하여,15000.0,13500.0,안톤 체호프,민음사,20250120,2025,소설
44,9788937460470,S000000620184,호밀밭의 파수꾼,12000.0,10800.0,제롬 데이비드 샐린저,민음사,20230117,2023,소설
45,9788972917793,S000061863290,존재의 세 가지 거짓말,22000.0,19800.0,아고타 크리스토프,까치,20220915,2022,소설
46,9788954687041,S000061350870,새의 선물,16000.0,14400.0,은희경,문학동네,20220603,2022,소설
47,9788937461491,S000000620286,무진기행,11000.0,9900.0,김승옥,민음사,20070803,2007,소설
48,9788937460388,S000000620175,달과 6펜스,10000.0,9000.0,서머싯 몸,민음사,20000620,2000,소설
49,9791199757684,S000220272256,우리는 가장 밝은 밤에 헤어졌다,17800.0,16020.0,표도르 도스토옙스키,윌마,20260617,2026,소설
50,9791199305304,S000217089705,자몽살구클럽,12000.0,10800.0,한로로,어센틱,20250725,2025,소설
51,9791124255131,S000219595709,폰더 씨의 위대한 하루,18000.0,16200.0,앤디 앤드루스,세종서적,20260410,2026,소설
52,9791124038192,S000218969272,나의 완벽한 장례식,19000.0,17100.0,조현선,북로망스,20260121,2026,소설
53,9788937464720,S000218474573,사람은 무엇으로 사는가,15000.0,13500.0,레프 톨스토이,민음사,20251028,2025,소설
54,9791161571188,S000001803157,불편한 편의점(벚꽃 에디션),16800.0,15120.0,김호연,나무옆의자,20210420,2021,소설
55,9788937460944,S000000620231,차라투스트라는 이렇게 말했다,16000.0,14400.0,프리드리히 니체,민음사,20040102,2004,소설
56,9791124575178,S000220307596,달러구트 꿈 백화점 0,17800.0,16020.0,이미예,팩토리나인,20260701,2026,소설
57,9791168343887,S000220364011,주와 연,17500.0,15750.0,청예,래빗홀,20260624,2026,소설
58,9788937462788,S000000620415,노인과 바다,8000.0,7200.0,어니스트 헤밍웨이,민음사,20120102,2012,소설
59,9788937460708,S000000620207,체호프 단편선,9000.0,8100.0,안톤 체호프,민음사,20021120,2002,소설
60,9791141619992,S000221229253,눈 내리는 삼일포,18000.0,16200.0,김연수,문학동네,20261002,2026,소설
61,9788937477478,S000220297360,악마는 열심히 산다,15000.0,13500.0,김화진,민음사,20260619,2026,소설
62,9788937464386,S000211623169,이반 일리치의 죽음,12000.0,10800.0,레프 톨스토이,민음사,20231208,2023,소설
63,9788937460616,S000000620198,설국,8000.0,7200.0,가와바타 야스나리,민음사,20090120,2009,소설
64,9791191824582,S000220623768,태양 아래 올리브,19800.0,17820.0,김초엽,자이언트북스,20260803,2026,소설
65,9791170614029,S000220351148,연금술사,16800.0,15120.0,파울로 코엘료,북다,20260703,2026,소설
66,9791167372864,S000201621499,구의 증명(리커버판),12000.0,10800.0,최진영,은행나무,20230426,2023,소설
67,9788937417566,S000000618740,클라라와 태양,17000.0,15300.0,가즈오 이시구로,민음사,20210329,2021,소설
68,9791141617226,S000220215920,시간의 감촉,18800.0,16920.0,은희경,문학동네,20260622,2026,소설
69,9791162203392,S000001808667,아가미(애니메이션 더블 커버),16800.0,15120.0,구병모,위즈덤하우스,20180330,2018,소설
70,9788932023977,S000000569916,초조한 마음,17000.0,15300.0,슈테판 츠바이크,문학과지성사,20130412,2013,소설
71,9788925554990,S000000478177,스토너,16800.0,15120.0,존 윌리엄스,알에이치코리아,20150102,2015,소설
72,9788982819278,S000001280352,고래,15000.0,13500.0,천명관,문학동네,20140416,2014,소설
73,9788998441029,S000001632468,천년의 사랑,15000.0,13500.0,양귀자,쓰다,20130420,2013,소설
74,9788937462399,S000000620376,지하로부터의 수기,11000.0,9900.0,표도르 도스토예프스키,민음사,20100226,2010,소설
75,9788937462344,S000000620371,참을 수 없는 존재의 가벼움,13000.0,11700.0,밀란 쿤데라,민음사,20091224,2009,소설
76,9788937460500,S000000620187,수레바퀴 아래서,8000.0,7200.0,헤르만 헤세,민음사,20090120,2009,소설
77,9791141603540,S000221265030,쥬디 할머니(한지 에디션),20000.0,18000.0,박완서,문학동네,20260914,2026,소설
78,9788932045726,S000221191898,소설 보다: 가을 2026,5500.0,4950.0,박우연 외,문학과지성사,20260910,2026,소설
79,9791124038604,S000220637951,기억의 무늬,19800.0,17820.0,백희성,북로망스,20260805,2026,소설
80,9791164455300,S000001830102,어린 왕자(초판본)(1943년 오리지널 초판본 표지디자인),2990.0,2700.0,앙투안 생텍쥐페리,더스토리,20211004,2021,소설
81,9788925588650,S000000479326,마션(스페셜 에디션),19800.0,17820.0,앤디 위어,알에이치코리아,20210504,2021,소설
82,9791190090261,S000001935255,천 개의 파랑,17000.0,15300.0,천선란,허블,20200819,2020,소설
83,9788998441081,S000001632474,희망,19800.0,17820.0,양귀자,쓰다,20200630,2020,소설
84,9788932925844,S000220929920,드라큘라,18800.0,16920.0,브램 스토커,열린책들,20260815,2026,소설
85,9788937465000,S000220240819,압록강은 흐른다,14000.0,12600.0,이미륵,민음사,20260612,2026,소설
86,9791141609962,S000216317041,연매장,17500.0,15750.0,팡팡,문학동네,20250418,2025,소설
87,9791191247329,S000201172390,눈이 올 정도로 추운지,14800.0,13320.0,제시카 아우,엘리,20230310,2023,소설
88,9791197671708,S000061451738,사서함 110호의 우편물,17000.0,15300.0,이도우,수박설탕,20220730,2022,소설
89,9788937486067,S000000621138,카라마조프가의 형제들 세트,33000.0,29700.0,표도로 도스토예프스키,민음사,20121101,2012,소설
90,9788932023151,S000000569840,비행운,15000.0,13500.0,김애란,문학과지성사,20120719,2012,소설
91,9788937462849,S000000620421,죄와 벌 1,11000.0,9900.0,도스토예프스키,민음사,20120330,2012,소설
92,9788937460258,S000000620162,젊은 베르테르의 슬픔,9000.0,8100.0,요한 볼프강 폰 괴테,민음사,19990320,1999,소설
93,9791175774162,S000221251398,1차원의 삽목,19800.0,17820.0,마쓰시타 류노스케,반타,20260910,2026,소설
94,9791141601300,S000214032055,이중 하나는 거짓말,16000.0,14400.0,김애란,문학동네,20240827,2024,소설
95,9788954682152,S000000781116,작별하지 않는다,16800.0,15120.0,한강,문학동네,20210909,2021,소설
96,9788954641548,S000000779642,너무 시끄러운 고독,15000.0,13500.0,보후밀 흐라발,문학동네,20160708,2016,소설
97,9788937462856,S000000620422,죄와 벌 2,11000.0,9900.0,도스토예프스키,민음사,20120330,2012,소설
98,9791192738888,S000220938756,이상한 지도,18800.0,16920.0,우케쓰,리드비,20260827,2026,소설
99,9791167141644,S000220937602,서리꽃 1,20000.0,18000.0,조정래,해냄출판사,20260824,2026,소설
100,9788932925868,S000220930171,프랑켄슈타인,14800.0,13320.0,메리 W. 셸리,열린책들,20260815,2026,소설
101,9788984374966,S000215985037,마음을 읽는 아이 오로르,22000.0,19800.0,더글라스 케네디,밝은세상,20250311,2025,소설
102,9788986836837,S000200205332,왜 나는 너를 사랑하는가(70만 부 기념 리커버),14000.0,12600.0,알랭 드 보통,청미래,20221110,2022,소설
103,9788936434595,S000000610650,채식주의자,17000.0,15300.0,한강,창비,20220328,2022,소설
104,9791191824001,S000001953324,지구 끝의 온실,18500.0,16650.0,김초엽,자이언트북스,20210818,2021,소설
105,9788937463884,S000000620525,남아 있는 나날,14000.0,12600.0,가즈오 이시구로,민음사,20210806,2021,소설
106,9788937479793,S000000620699,내 이름은 빨강 1,13000.0,11700.0,오르한 파묵,민음사,20191030,2019,소설
107,9788937437564,S000000619722,참을 수 없는 존재의 가벼움,17000.0,15300.0,밀란 쿤데라,민음사,20180620,2018,소설
108,9788937461187,S000000620255,폭풍의 언덕,13000.0,11700.0,에밀리 브론테,민음사,20090120,2009,소설
109,9788937460043,S000000620141,변신 시골의사,8500.0,7650.0,프란츠 카프카,민음사,20090120,2009,소설
110,9788937464973,S000220295807,백치 1,17000.0,15300.0,표도르 도스토옙스키,민음사,20260618,2026,소설
111,9791143010216,S000219083403,죄와 벌 1~2권 세트,35000.0,31500.0,표도르 도스토옙스키,지식을만드는지식,20250828,2025,소설
112,9791166688768,S000217098917,돌이킬 수 있는,16800.0,15120.0,문목하,아작,20250725,2025,소설
113,9791159921445,S000001786573,사탄탱고(블랙 에디션),19800.0,17820.0,크러스너호르커이 라슬로,알마,20180509,2018,소설
114,9788932917245,S000000581824,어린 왕자,11800.0,10620.0,앙투안 드 생택쥐페리,열린책들,20151020,2015,소설
115,9788973814725,S000001144035,멋진 신세계,13800.0,12420.0,올더스 헉슬리,소담출판사,20150612,2015,소설
116,9788937460753,S000000620212,위대한 개츠비,9000.0,8100.0,F. 스콧 피츠제럴드,민음사,20090120,2009,소설
117,9788954476836,S000221238257,청담동 다이어리,18000.0,16200.0,정수현,자음과모음,20260909,2026,소설
118,9791167903792,S000220735253,서성이다,15000.0,13500.0,장강명,현대문학,20260805,2026,소설
119,9791175773721,S000220663381,뒤틀린 사랑,23000.0,20700.0,아나 황,모모,20260728,2026,소설
120,9788936431716,S000220451496,"알로하, 나의 엄마들",16000.0,14400.0,이금이,창비,20260615,2026,소설
121,9788937446238,S000218622923,디 에센셜: 제인 오스틴(교보문고 특별판),20000.0,18000.0,제인 오스틴,민음사,20251114,2025,소설
122,9791194891055,S000218149462,테세우스 패러독스,16000.0,14400.0,이경희,안전가옥,20251015,2025,소설
123,9788954618373,S000000778372,프랑켄슈타인,11000.0,9900.0,메리 셸리,문학동네,20251010,2025,소설
124,9791194413394,S000216819592,궤도,17000.0,15300.0,서맨사 하비,서해문집,20250620,2025,소설
125,9791194654063,S000216172302,긴키 지방의 어느 장소에 대하여,16800.0,15120.0,세스지 외,반타,20250410,2025,소설
126,9791194280804,S000215820966,변신(초판본)(1916년 오리지널 초판본 표지디자인),2980.0,2690.0,프란츠 카프카,더스토리,20250228,2025,소설
127,9788937464638,S000215912789,지킬 박사와 하이드 씨의 기이한 사건,12000.0,10800.0,로버트 루이스 스티븐슨 외,민음사,20250220,2025,소설
128,9791193790083,S000213029112,히든 픽처스,14000.0,12600.0,제이슨 르쿨락,문학수첩,20240503,2024,소설
129,9791130646381,S000211513068,이처럼 사소한 것들,13800.0,12420.0,클레어 키건,다산책방,20231127,2023,소설
130,9791198363510,S000202972046,아몬드,16800.0,15120.0,손원평,다즐링,20230714,2023,소설
131,9791190174756,S000001936854,"칵테일, 러브, 좀비 (리커버)",13000.0,11700.0,조예은,안전가옥,20230125,2023,소설
132,9791167901484,S000200550190,나미야 잡화점의 기적(무선 보급판),18800.0,16920.0,히가시노 게이고,현대문학,20221219,2022,소설
133,9788936438838,S000061694154,아버지의 해방일지,17000.0,15300.0,정지아,창비,20220902,2022,소설
134,9791191043754,S000061353833,세상의 마지막 기차역(리커버 에디션),16800.0,15120.0,무라세 다케시,모모,20220509,2022,소설
135,9791197377143,S000001986136,"어서 오세요, 휴남동 서점입니다",15000.0,13500.0,황보름,클레이하우스,20220117,2022,소설
136,9788937463945,S000000620531,케이크와 맥주,13000.0,11700.0,서머싯 몸,민음사,20210910,2021,소설
137,9791190090018,S000001935245,우리가 빛의 속도로 갈 수 없다면,17000.0,15300.0,김초엽,허블,20190624,2019,소설
138,9788972758945,S000001123764,모스크바의 신사,18000.0,16200.0,에이모 토울스,현대문학,20180622,2018,소설
139,9791162203620,S000001808685,파과,17800.0,16020.0,구병모,위즈덤하우스,20180416,2018,소설
140,9791196222628,S000001973588,회색 인간,13000.0,11700.0,김동식,요다,20171227,2017,소설
141,9788937473166,S000000620599,해가 지는 곳으로,14000.0,12600.0,최진영,민음사,20170630,2017,소설
142,9788959134823,S000000887763,사랑의 생애,18500.0,16650.0,이승우,위즈덤하우스,20170302,2017,소설
143,9788952776372,S000000733954,리틀 라이프 1,16800.0,15120.0,한야 야나기하라,시공사,20160616,2016,소설
144,9788956609959,S000000828491,종의 기원,16800.0,15120.0,정유정,은행나무,20160516,2016,소설
145,9788932917207,S000000581821,앵무새 죽이기,15800.0,14220.0,하퍼 리,열린책들,20150630,2015,소설
146,9788937460432,S000000620180,고도를 기다리며,9000.0,8100.0,사뮈엘 베케트,민음사,20120220,2012,소설
147,9788937460036,S000000620140,햄릿,7000.0,6300.0,셰익스피어,민음사,20090120,2009,소설
148,9788970135472,S000001069444,은하수를 여행하는 히치하이커를 위한 안내서(합본),71000.0,63900.0,더글러스 애덤스,책세상,20051220,2005,소설
149,9788937460272,S000000620164,다섯째 아이,13000.0,11700.0,도리스 레싱,민음사,19990625,1999,소설
150,9788937477515,S000221365798,우리 착한 나진,15000.0,13500.0,이서수,민음사,20260918,2026,소설
151,9788932925851,S000220930092,에드거 앨런 포 단편선,15800.0,14220.0,에드거 앨런 포,열린책들,20260815,2026,소설
152,9791168344044,S000220566745,지푸라기 왕관을 쓴 여자,18800.0,16920.0,박상영,래빗홀,20260722,2026,소설
153,9791193235966,S000220211813,윗집 부부,18000.0,16200.0,황보름,클레이하우스,20260624,2026,소설
154,9788932925738,S000220036769,나는 고양이로소이다,16800.0,15120.0,나쓰메 소세키,열린책들,20260525,2026,소설
155,9791167376275,S000219138574,내 심장을 쏴라,18000.0,16200.0,정유정,은행나무,20260206,2026,소설
156,9791141615055,S000218961437,쥬디 할머니,18500.0,16650.0,박완서,문학동네,20260120,2026,소설
157,9788937464713,S000218841048,쓰가루,13000.0,11700.0,다자이 오사무,민음사,20251212,2025,소설
158,9788937464737,S000217485868,도련님,13000.0,11700.0,나쓰메 소세키,민음사,20250905,2025,소설
159,9791160405750,S000209209050,단 한 사람,15000.0,13500.0,최진영,한겨레출판,20230930,2023,소설
160,9791156754312,S000208855562,인생(위화 작가 등단 40주년 기념 리커버 특별판),16800.0,15120.0,위화,푸른숲,20230905,2023,소설
161,9791161571379,S000061532631,불편한 편의점 2(단풍 에디션),16800.0,15120.0,김호연,나무옆의자,20220810,2022,소설
162,9788937464034,S000061350717,달려라 메로스,14000.0,12600.0,다자이 오사무,민음사,20220603,2022,소설
163,9791191056556,S000001947560,미드나잇 라이브러리,17500.0,15750.0,매트 헤이그,인플루엔셜,20210428,2021,소설
164,9791164453115,S000001829920,데미안(초판본)(1919년 오리지널 초판본 표지 디자인),2980.0,2690.0,헤르만 헤세,더스토리,20200820,2020,소설
165,9788937463686,S000000620505,여름,12000.0,10800.0,이디스 워튼,민음사,20200814,2020,소설
166,9788936434427,S000000610639,유원,14000.0,12600.0,백온유,창비,20200619,2020,소설
167,9788937443671,S000000619968,부활 2,13000.0,11700.0,레프 톨스토이,민음사,20191227,2019,소설
168,9788937443664,S000000619967,부활 1,12000.0,10800.0,레프 톨스토이,민음사,20191227,2019,소설
169,9788937479809,S000000620700,내 이름은 빨강 2,13000.0,11700.0,오르한 파묵,민음사,20191030,2019,소설
170,9788992036962,S000001491388,고백,14800.0,13320.0,미나토 가나에,비채,20180823,2018,소설
171,9788937462672,S000000620404,페스트,14000.0,12600.0,알베르 카뮈,민음사,20110403,2011,소설
172,9788937461699,S000000620306,포스트맨은 벨을 두 번 울린다,11000.0,9900.0,제임스 M. 케인,민음사,20071228,2007,소설
173,9788937461118,S000000620248,크눌프,9000.0,8100.0,헤르만 헤세,민음사,20041120,2004,소설
174,9788937461088,S000000620245,달콤 쌉싸름한 초콜릿,13000.0,11700.0,라우라 에스키벨,민음사,20041020,2004,소설
175,9788937460555,S000000620192,모래의 여자,10000.0,9000.0,아베 코보,민음사,20011110,2001,소설
176,9788936481698,S000221352069,엄마를 부탁해(리마스터판),20000.0,18000.0,신경숙,창비,20260921,2026,소설
177,9791127888671,S000221178586,왕의 프러포즈 8,8500.0,7650.0,타치바나 코우시,디앤씨미디어,20260921,2026,소설
178,9791170614135,S000220845906,이효석문학상 수상작품집 2026,17000.0,15300.0,박솔뫼 외,북다,20260818,2026,소설
179,9788937465017,S000220988235,밀회,15000.0,13500.0,아베 코보,민음사,20260818,2026,소설
180,9791175488649,S000220662966,헝거 게임: 50번째 추첨의 날,20000.0,18000.0,수잔 콜린스,북폴리오,20260731,2026,소설
181,9791141603410,S000220363935,두 도시 이야기,20000.0,18000.0,찰스 디킨스,문학동네,20260630,2026,소설
182,9791175773387,S000220296667,신 퇴마록 신세편 2,22000.0,19800.0,이우혁,반타,20260623,2026,소설
183,9791175773370,S000220296661,신 퇴마록 신세편 1,22000.0,19800.0,이우혁,반타,20260623,2026,소설
184,9791172134297,S000220271017,인비인,18000.0,16200.0,성해나,한겨레출판,20260619,2026,소설
185,9791190818483,S000220041732,아무도 미워하지 않는 자의 죽음,16700.0,15030.0,잉게 숄,시간과공간사,20260619,2026,소설
186,9788937464980,S000220295810,백치 2,17000.0,15300.0,표도르 도스토옙스키,민음사,20260618,2026,소설
187,9791171311774,S000219457925,행복한 죽음,15000.0,13500.0,알베르 카뮈,책세상,20260331,2026,소설
188,9791166688867,S000219303088,유령해마(소장판),18000.0,16200.0,문목하,아작,20260310,2026,소설
1,9791169852180,S000220636999,마음의 어휘력,16800.0,15120.0,조아란 외,페이지2북스,20260811,2026,시/에세이
2,9791141618575,S000220843924,그랬다고 적었다,17000.0,15300.0,김애란,문학동네,20260824,2026,시/에세이
3,9788901300702,S000221248241,박완서의 낱말들,19800.0,17820.0,박완서,웅진지식하우스,20260914,2026,시/에세이
4,9791197647666,S000200329012,기분이 태도가 되지 말자(30만부 기념 최신 개정판),17000.0,15300.0,김수현(훈글),하이스트,20221125,2022,시/에세이
5,9788956605593,S000000828225,불안(리커버:K),18000.0,16200.0,알랭 드 보통,은행나무,20120104,2012,시/에세이
6,9791191114768,S000216122857,단 한 번의 삶(강물에디션 활판인쇄 한정판),16800.0,15120.0,김영하,복복서가,20250406,2025,시/에세이
7,9791162145043,S000213913377,행복할 거야 이래도 되나 싶을 정도로(10만 부 기념 교보문고 단독 리커버),18000.0,16200.0,일홍,부크럼,20240729,2024,시/에세이
8,9791124878019,S000220862072,애매함을 사랑하기,16800.0,15120.0,이창현(코유),고유,20260817,2026,시/에세이
9,9791169851053,S000214453032,어른의 행복은 조용하다,17800.0,16020.0,태수,페이지2북스,20241104,2024,시/에세이
10,9788901299730,S000221046068,신경 끄기의 기술(한교동 에디션),19000.0,17100.0,마크 맨슨,갤리온,20260903,2026,시/에세이
11,9788965968382,S000220638767,숨결이 바람 될 때(10주년 에디션),19800.0,17820.0,폴 칼라니티,흐름출판,20260819,2026,시/에세이
12,9788936812621,S000218907630,빅터 프랭클의 죽음의 수용소에서(20주년 기념보급판),12000.0,10800.0,빅터 프랭클,청아출판사,20260102,2026,시/에세이
13,9791124468050,S000219654405,다정한 사람이 이긴다(스페셜 양장 리커버판),19000.0,17100.0,이해인,필름(Feelm),20260415,2026,시/에세이
14,9791194184645,S000220338953,"안녕, 피터팬",22000.0,19800.0,전경철,이야기장수,20260626,2026,시/에세이
15,9788970128337,S000001068777,달리기를 말할 때 내가 하고 싶은 이야기,14500.0,13050.0,무라카미 하루키,문학사상,20161215,2016,시/에세이
16,9791162145418,S000219181415,구원에게,18000.0,16200.0,정영욱,부크럼,20260205,2026,시/에세이
17,9791162143605,S000001807614,잘했고 잘하고 있고 잘될 것이다(50만부 기념),18000.0,16200.0,정영욱,부크럼,20210514,2021,시/에세이
18,9791168341890,S000213077352,제철 행복,17800.0,16020.0,김신지,인플루엔셜,20240425,2024,시/에세이
19,9791193153710,S000216730154,너를 아끼며 살아라,18500.0,16650.0,나태주,더블북,20250612,2025,시/에세이
20,9788956605418,S000000828212,월든(완결판),13000.0,11700.0,헨리 데이빗 소로우,은행나무,20251027,2025,시/에세이
21,9791194280958,S000214962079,하늘과 바람과 별과 시(초판본),2990.0,2700.0,윤동주,더스토리,20241215,2024,시/에세이
22,9791188469994,S000001914848,당신은 결국 무엇이든 해내는 사람(특별 리커버 에디션),17000.0,15300.0,김상현,필름(Feelm),20220420,2022,시/에세이
23,9791157280292,S000001752581,꽃을 보듯 너를 본다(100만 부 기념 에디션)(리커버:K),13000.0,11700.0,나태주,지혜,20201130,2020,시/에세이
24,9791122102505,S000221334752,내 기분까지 내 책임이라니,22000.0,19800.0,오원,스테이션,20260924,2026,시/에세이
25,9791169852166,S000220807155,불행에 몰두하지 않는다,18500.0,16650.0,정지우,페이지2북스,20260819,2026,시/에세이
26,9791191369786,S000220177925,싫어하는 사람을 사라지게 하는 방법,17200.0,15480.0,호리 모토코,딥앤와이드,20260608,2026,시/에세이
27,9791162146170,S000221331034,이런 말을 듣고 싶었나 보다,18000.0,16200.0,권지은,부크럼,20260918,2026,시/에세이
28,9791124065785,S000221046066,기쁨에도 슬픔에도 아랑곳없이,22000.0,19800.0,박준,난다,20260825,2026,시/에세이
29,9791124038574,S000220356213,너의 행복은 나의 기쁨이야,19800.0,17820.0,정한경,북로망스,20260708,2026,시/에세이
30,9788901297842,S000218276597,기분이 태도가 되지 않게(헬로키티 레드에디션),18000.0,16200.0,레몬심리,갤리온,20251112,2025,시/에세이
31,9791197377150,S000001986137,나는 나로 살기로 했다(영미권 출간기념 특별판),17500.0,15750.0,김수현,클레이하우스,20220204,2022,시/에세이
32,9788962452495,S000221075124,공무원 어휘 도감,19800.0,17820.0,서은희 외,이비락,20260831,2026,시/에세이
33,9791124065648,S000220221384,어깨에 머리를 기대던 시절,13000.0,11700.0,고명재,난다,20260619,2026,시/에세이
34,9791193282649,S000219442630,모든 날들이 행복했으면 좋겠어,18800.0,16920.0,갱여운,하이스트,20260325,2026,시/에세이
35,9788937409288,S000200866691,당신의 세계는 아직도 바다와 빗소리와 작약을 취급하는지,13000.0,11700.0,김경미,민음사,20230127,2023,시/에세이
36,9788952236753,S000000722174,모리와 함께한 화요일,15000.0,13500.0,미치 앨봄,살림,20170616,2017,시/에세이
37,9791186900222,S000001894141,새는 날아가면서 뒤돌아보지 않는다,14000.0,12600.0,류시화,더숲,20170225,2017,시/에세이
38,9791122106305,S000221380450,해고된 김에 교토,19500.0,17550.0,노푸름,상록의서가,20260930,2026,시/에세이
39,9791124497029,S000219714829,사춘기 엄마의 오장육부,17800.0,16020.0,나민애,서교책방,20260420,2026,시/에세이
40,9788936812607,S000217402426,죽음의 수용소에서,16000.0,14400.0,빅터 프랭클,청아출판사,20250910,2025,시/에세이
41,9788933872482,S000214976322,한 말씀만 하소서,17000.0,15300.0,박완서,세계사,20241217,2024,시/에세이
42,9788997381678,S000001615079,소년과 두더지와 여우와 말,22000.0,19800.0,찰리 맥커시,상상의힘,20200420,2020,시/에세이
43,9788947527934,S000000695240,바보 빅터,16800.0,15120.0,호아킴 데 포사다 외,한국경제신문사,20181224,2018,시/에세이
44,9791193739303,S000220938686,소설가라는 이상한 직업 2,19000.0,17100.0,장강명,유유히,20260917,2026,시/에세이
45,9791199007772,S000219916123,우린 반드시 행복해진다,18500.0,16650.0,조성용,북갈피,20260515,2026,시/에세이
46,9788901297453,S000217577549,나는 메트로폴리탄 미술관의 경비원입니다,18500.0,16650.0,패트릭 브링리,웅진지식하우스,20250925,2025,시/에세이
47,9788932043272,S000214645193,사랑과 멸종을 바꿔 읽어보십시오,12000.0,10800.0,유선혜,문학과지성사,20241028,2024,시/에세이
48,9791169851008,S000214377566,와일드,22000.0,19800.0,셰릴 스트레이드,페이지2북스,20240925,2024,시/에세이
49,9791167743312,S000221327624,난파선의 선장들,17800.0,16020.0,김새섬 외,어크로스,20260918,2026,시/에세이
50,9791141618568,S000220843962,잊기 좋은 이름,17500.0,15750.0,김애란,문학동네,20260824,2026,시/에세이
51,9791193937693,S000217602005,어른의 품위,19500.0,17550.0,최서영,북로망스,20251001,2025,시/에세이
52,9791168031234,S000217004530,"필사, 어른이 되는 시간",18500.0,16650.0,나태주,북로그컴퍼니,20250707,2025,시/에세이
53,9791130664521,S000216032510,문학을 사랑하는 젊은이들에게,17000.0,15300.0,박경리,다산책방,20250313,2025,시/에세이
54,9788970125930,S000213494530,이렇게 작지만 확실한 행복,16000.0,14400.0,무라카미 하루키,문학사상,20240610,2024,시/에세이
55,9791169780957,S000221261416,수원에서의 나날,22000.0,19800.0,고영표 외,브레인스토어,20261002,2026,시/에세이
56,9791176215428,S000221359614,모든 인간에게서 신을 본다,17000.0,15300.0,김창호,바른북스,20260924,2026,시/에세이
57,9791122020601,S000221373194,햇살샤워,16000.0,14400.0,백가연,얼리썸머프레스,20260910,2026,시/에세이
58,9791124137611,S000220789153,조용히 해내는 사람,17800.0,16020.0,이재은,빅피시,20260819,2026,시/에세이
59,9791176612500,S000220662389,아메리칸 서바이벌,22000.0,19800.0,올리버 샨 그랜트 외,21세기북스,20260727,2026,시/에세이
60,9791199327887,S000220241808,나의 지옥은 나를 죽이지 못했다,19000.0,17100.0,김강우,책과삶,20260625,2026,시/에세이
61,9791194184638,S000220292539,일상주의자의 감각,18000.0,16200.0,김이나,이야기장수,20260624,2026,시/에세이
62,9791194741978,S000219336973,혼잣말까지 다정한 사람,16800.0,15120.0,황예현,포레스트 웨일,20260225,2026,시/에세이
63,9791199308619,S000219013470,소중한 사람아 꼭 행복해줘,15000.0,13500.0,신우,필로맨틱,20260115,2026,시/에세이
64,9791199555112,S000218979839,일본 광고 카피 도감,18800.0,16920.0,오하림,서교책방,20260114,2026,시/에세이
65,9791198210852,S000218192096,처음부터 끝까지 고백,16800.0,15120.0,주또(이주영),시선과단상,20251017,2025,시/에세이
66,9791170872580,S000215666905,"우리, 나이 드는 존재",16800.0,15120.0,고금숙 외,휴머니스트,20250217,2025,시/에세이
67,9791189198640,S000001923905,마더북,18500.0,16650.0,반비 편집부,반비,20190426,2019,시/에세이
68,9791198978387,S000221151671,오래 머무는 마음,18000.0,16200.0,나태주,OTD,20260928,2026,시/에세이
69,9788965968528,S000221268323,혼자 영화관에 갔어,18000.0,16200.0,김소미,흐름출판,20260911,2026,시/에세이
70,9791124502020,S000219973683,행복,20000.0,18000.0,법륜,정토출판,20260512,2026,시/에세이
71,9791192559070,S000216485879,사는 동안 틈틈이 행복합시다,17800.0,16020.0,박근호,히읏,20250514,2025,시/에세이
72,9788932042725,S000213044371,누군가를 이토록 사랑한 적,12000.0,10800.0,이병률,문학과지성사,20240424,2024,시/에세이
73,9791162851449,S000211346744,부자수업(마음부자 에디션),20000.0,18000.0,법상,마음의숲,20231111,2023,시/에세이
74,9791159259111,S000200101025,0원으로 사는 삶,19500.0,17550.0,박정미,들녘,20221028,2022,시/에세이
75,9791170400608,S000061353411,너무 잘하려고 애쓰지 마라,14000.0,12600.0,나태주,열림원,20220531,2022,시/에세이
76,9788991418318,S000001474329,걷는 독서,23000.0,20700.0,박노해,느린걸음,20210607,2021,시/에세이
77,9788937408915,S000000618420,숲의 소실점을 향해,13000.0,11700.0,양안다,민음사,20200528,2020,시/에세이
78,9791160401967,S000001790337,슬픔을 공부하는 슬픔,16000.0,14400.0,신형철,한겨레출판,20180922,2018,시/에세이
79,9788937461309,S000000620267,자기만의 방·3기니,14000.0,12600.0,버지니아 울프,민음사,20080919,2008,시/에세이
80,9788940302125,S000000641779,나는 누구인가,11000.0,9900.0,라마나 마하라쉬,청하,20050527,2005,시/에세이
81,9791199344082,S000221383778,나를 찾아온 아이와 시간을 기록하는 100일 필사,18000.0,16200.0,별타쌤(박지영),노네임아트북(Noname Art Book),20261005,2026,시/에세이
82,9791175488762,S000221333609,우정과 허기를 버무린 우리들의 시간,19000.0,17100.0,파뿌리,와이즈베리,20260930,2026,시/에세이
83,9791162851944,S000221231529,참치보다 더 사랑하는 너에게: 고양이별에서 도착한 편지,17000.0,15300.0,사라 찬시,마음의숲,20260917,2026,시/에세이
84,9791198947338,S000221248750,딸에게 물려주는 엄마의 독서노트,18500.0,16650.0,고은아 외,문화다방,20260909,2026,시/에세이
85,9788932045702,S000221032013,무서운 이야기,13000.0,11700.0,김행숙,문학과지성사,20260825,2026,시/에세이
86,9791168031647,S000220937710,일인분의 삶,18800.0,16920.0,나태주 외,북로그컴퍼니,20260824,2026,시/에세이
87,9791168031494,S000220036575,모든 사랑스러운 말들은 너를 위해 태어난 것 같다,19800.0,17820.0,정영욱,북로그컴퍼니,20260521,2026,시/에세이
88,9791124591000,S000219940450,미세 행복 도감,18000.0,16200.0,썩어라 수시생,포레스트북스,20260513,2026,시/에세이
89,9791141603373,S000219790831,백지 앞에서,17500.0,15750.0,최은영,문학동네,20260430,2026,시/에세이
90,9788937409592,S000219785881,늑대처럼 싱싱하게 울고 싶었다,13000.0,11700.0,문정희,민음사,20260420,2026,시/에세이
91,9788937409578,S000218795472,아무도 미워하지 않고 한 계절이 지나갔다,13000.0,11700.0,김이듬,민음사,20251212,2025,시/에세이
92,9791187297819,S000214875899,스님의 주례사,18000.0,16200.0,법륜,정토출판,20241209,2024,시/에세이
93,9791141600778,S000213513712,당근밭 걷기,12000.0,10800.0,안희연,문학동네,20240615,2024,시/에세이
94,9791141077761,S000213834312,토마토 컵라면(스페셜 에디션),9000.0,8100.0,차정은,부크크(Bookk),20240408,2024,시/에세이
95,9791198375308,S000203197818,결혼ㆍ여름,22000.0,19800.0,알베르 카뮈,녹색광선,20230804,2023,시/에세이
96,9791198023346,S000200468038,사랑,10000.0,9000.0,김순임 외 71명 외,파도,20221222,2022,시/에세이
97,9791191200676,S000200135437,오래 보아야 사랑스럽다,6900.0,6210.0,나태주,자화상,20221101,2022,시/에세이
98,9788970845289,S000001086041,우리들의 파리가 생각나요,16000.0,14400.0,정현주,예경,20150508,2015,시/에세이
99,9788931007381,S000000549093,헤르만 헤세 시집,16800.0,15120.0,헤르만 헤세,문예출판사,20130520,2013,시/에세이
100,9791190533867,S000221383612,평일,17000.0,15300.0,이시다 센,1984BOOKS,20260924,2026,시/에세이
101,9791139234770,S000221381826,"사람은 입사 후, 비로소 보인다",16800.0,15120.0,박종민,지식과감성,20260923,2026,시/에세이
102,9791199235663,S000221326856,속력을 내는 일에는 사랑이 필요하다고,16000.0,14400.0,김해경,출판사 결,20260918,2026,시/에세이
103,9791158546434,S000221268647,너에게 가는 봄,18000.0,16200.0,나순단,학이사,20260915,2026,시/에세이
104,9791142364235,S000221327747,사랑스러운 강아지 2,18000.0,16200.0,몰티즈,대원앤북,20260915,2026,시/에세이
105,9791194324904,S000221163025,모국어는 차라리 침묵,19000.0,17100.0,목정원,아침달,20260910,2026,시/에세이
106,9791199303713,S000220806986,내 심장을 줄게,17000.0,15300.0,오수진,소소사,20260907,2026,시/에세이
107,9791190738378,S000221075122,"무엇보다, 먼저 평범한 사람이 되어",33000.0,29700.0,정기용,플레인아카이브,20260829,2026,시/에세이
108,9791188343966,S000220860817,"아무튼, 사주",12000.0,10800.0,정홍칼리,제철소,20260813,2026,시/에세이
109,9791162145494,S000220694420,괜찮다고 말해 주고 싶어서,18000.0,16200.0,여우별,부크럼,20260729,2026,시/에세이
110,9791170527404,S000220339685,좋아한다 말하기엔 조금 숨이 차지만,16800.0,15120.0,김연수 외,판미동,20260624,2026,시/에세이
111,9791175910805,S000220035443,여행의 감각,23000.0,20700.0,무과수,위즈덤하우스,20260603,2026,시/에세이
112,9788997381005,S000217556557,언제나 기억해,22000.0,19800.0,찰리 맥커시,상상의힘,20251009,2025,시/에세이
113,9791175240841,S000217594263,탈무드(초판본)(1853년 오리지널 초판본 표지디자인),2980.0,2690.0,유대교 랍비,더스토리,20250930,2025,시/에세이
114,9788932044590,S000217735566,축 생일,12000.0,10800.0,김선우,문학과지성사,20250923,2025,시/에세이
115,9791194184331,S000216681239,인생을 바꾸는 이메일 쓰기,17800.0,16020.0,이슬아,이야기장수,20250612,2025,시/에세이
116,9791170403203,S000215556227,심장보다 단단한 토마토 한 알,12000.0,10800.0,고선경,열림원,20250110,2025,시/에세이
117,9791171713219,S000214913295,"반 고흐, 영혼의 편지",22000.0,19800.0,빈센트 반 고흐,위즈덤하우스,20241204,2024,시/에세이
118,9791193238493,S000214792812,당신을 알기 전에는 시 없이도 잘 지냈습니다,16000.0,14400.0,류시화,수오서재,20241125,2024,시/에세이
119,9791198886101,S000214395826,태도에 관하여(20만 부 기념 완결판),18000.0,16200.0,임경선,토스트,20240924,2024,시/에세이
120,9791190807296,S000213914858,당신은 반드시 잘될 사람,17500.0,15750.0,라파엘,봄,20240802,2024,시/에세이
121,9788936439545,S000213457781,우리의 여름에게,14000.0,12600.0,최지은,창비,20240607,2024,시/에세이
122,9791191114591,S000212972861,여행의 이유,16800.0,15120.0,김영하,복복서가,20240417,2024,시/에세이
123,9791191859379,S000200047384,인생의 역사,18000.0,16200.0,신형철,난다,20221017,2022,시/에세이
124,9791157956357,S000001761890,하늘과 바람과 별과 시,13000.0,11700.0,윤동주100년포럼,스타북스,20220216,2022,시/에세이
125,9791164051069,S000001824843,욕구들,18000.0,16200.0,캐럴라인 냅,북하우스,20210517,2021,시/에세이
126,9791196517199,S000001977412,시와 산책,18000.0,16200.0,한정원,시간의흐름,20200630,2020,시/에세이
127,9791186900789,S000001894173,좋은지 나쁜지 누가 아는가,15000.0,13500.0,류시화,더숲,20190311,2019,시/에세이
128,9788981332686,S000001255634,이 땅에 태어나서,22000.0,19800.0,정주영,솔,20150415,2015,시/에세이
129,9788970638331,S000001079757,지금 알고 있는 걸 그때도 알았더라면,10000.0,9000.0,류시화,열림원,20141203,2014,시/에세이
130,9788996550105,S000001598970,내 인생의 해답,30000.0,27000.0,캐롤 볼트,쇼비,20140717,2014,시/에세이
131,9788932024639,S000000569962,서랍에 저녁을 넣어 두었다,12000.0,10800.0,한강,문학과지성사,20131115,2013,시/에세이
132,9788947527712,S000000695218,우리들의 행복했던 순간들,13800.0,12420.0,김호경,한국경제신문사,20100920,2010,시/에세이
133,9788932004426,S000000568113,그 여름의 끝,12000.0,10800.0,이성복,문학과지성사,19900601,1990,시/에세이
134,8809856420169,S000221328870,"하루 한 장, 수북한 일력 2027",30000.0,24000.0,남씨,한스미디어,20261029,2026,시/에세이
135,9788976048370,S000221336789,그리움이 나를 밀고 간다,18000.0,16200.0,헤르만 헤세,문예춘추사,20261010,2026,시/에세이
136,9791176821810,S000221337443,인생은 영화처럼 사랑은 명대사처럼,18800.0,16920.0,조은영화,미다스북스,20260930,2026,시/에세이
137,9791122029451,S000221270906,문전박대가 취미입니다만,16000.0,14400.0,김호이,온프북스,20260930,2026,시/에세이
138,9791199620551,S000221330135,노을(NOEUL),12000.0,10800.0,강명승,휘람,20260915,2026,시/에세이
139,9788932045771,S000221338110,시 보다 2026,10000.0,9000.0,구윤재 외,문학과지성사,20260915,2026,시/에세이
140,9791198638847,S000221334893,교토의 마음들,15000.0,13500.0,소원,닢(라이프마인드),20260910,2026,시/에세이
141,9791124336595,S000221228051,질투 수련,18000.0,16200.0,이예지,세미콜론,20260909,2026,시/에세이
142,9791124789018,S000221108280,나무의 노래,22000.0,19800.0,진재운,생각의힘,20260903,2026,시/에세이
143,9791155819142,S000221327994,우리가 가진 슬프고 아름다운 것들 : 가족 이야기,25000.0,22500.0,마이라 칼만,윌북,20260830,2026,시/에세이
144,9791141603533,S000220956633,차라투스트라는 이렇게 말했다,25000.0,22500.0,프리드리히 니체,문학동네,20260825,2026,시/에세이
145,9791141615970,S000220996773,헤르만 헤세의 꿈의 선물,22000.0,19800.0,헤르만 헤세,문학동네,20260825,2026,시/에세이
146,9788901300542,S000220921847,나의 엄마는 도시의 청소부입니다,19500.0,17550.0,장샤오만,웅진지식하우스,20260824,2026,시/에세이
147,9791199669093,S000221109523,응답의 시,16700.0,15030.0,김혜순 외,얼굴들,20260821,2026,시/에세이
148,9788970121765,S000220807744,하루키의 여행법,16800.0,15120.0,무라카미 하루키,문학사상,20260818,2026,시/에세이
149,9791124307090,S000220490589,우리는 목적지를 묻지 않기로 했다,19800.0,17820.0,이정기,타블라라사,20260716,2026,시/에세이
150,9791124497074,S000220563050,누구에게나 가슴을 후벼파는 대사 한마디가 있다(사철제본),22000.0,19800.0,정덕현,서교책방,20260715,2026,시/에세이
151,9788937449413,S000220160556,아무것도 간절하지 않은 날의 기술,18000.0,16200.0,최혜진,민음사,20260605,2026,시/에세이
152,9791199889316,S000220004439,엄마의 마음,19800.0,17820.0,김종원,퍼스트펭귄,20260522,2026,시/에세이
153,9791173326424,S000220036171,생의 모닥불,19800.0,17820.0,능행 스님,김영사,20260520,2026,시/에세이
154,9788946423305,S000219854361,도스토옙스키 번역 일기,28000.0,25200.0,김정아,샘터(샘터사),20260508,2026,시/에세이
155,9791198404435,S000219751889,그저 달리기인 줄 알았는데 삶이었다,18800.0,16920.0,강주원,비로소,20260427,2026,시/에세이
156,9791130676630,S000219796204,꾸준함을 기르는 일,18000.0,16200.0,수풀림,다산북스,20260424,2026,시/에세이
157,9791187232629,S000219508068,사랑이 있으니 살아집디다,18000.0,16200.0,유시민 외,은빛,20260325,2026,시/에세이
158,9791193282601,S000219080544,다크 심리학: 연애의 법칙,19800.0,17820.0,다크 마인드,다크마인드북스,20260128,2026,시/에세이
159,9788937409585,S000218795284,회신 지연,13000.0,11700.0,나하늘,민음사,20251216,2025,시/에세이
160,9791192884486,S000218749800,유원지 왔니?,13000.0,11700.0,강상헌,봄날의책,20251205,2025,시/에세이
161,9791199364431,S000217935429,내 모든 것,21000.0,18900.0,오정미,무제(MUZE),20250929,2025,시/에세이
162,9791173323027,S000217393638,호의에 대하여,18800.0,16920.0,문형배,김영사,20250828,2025,시/에세이
163,9791162145524,S000216880002,무너지지 않으려 애쓰는 너에게,17000.0,15300.0,예원,부크럼,20250626,2025,시/에세이
164,9791193937655,S000216465298,우리의 낙원에서 만나자,19500.0,17550.0,하태완,북로망스,20250521,2025,시/에세이
165,9791162145401,S000216318773,당신이 정말로 잘됐으면 하는 마음에,18000.0,16200.0,태오,부크럼,20250421,2025,시/에세이
166,9791194591375,S000215970400,사슴(초판본)(1936년 오리지널 초판본 표지디자인),2980.0,2690.0,백석,더스토리,20250328,2025,시/에세이
167,9791187297789,S000214875901,인생수업,19000.0,17100.0,법륜,정토출판,20241209,2024,시/에세이
168,9788937416453,S000214883082,먼 산의 기억,28000.0,25200.0,오르한 파묵,민음사,20241108,2024,시/에세이
169,9791193166659,S000214180501,예술 도둑,17800.0,16020.0,마이클 핀클,생각의힘,20240920,2024,시/에세이
170,9788901288420,S000214350871,우리는 서로의 얼굴을 오래보았다,17000.0,15300.0,김영롱,웅진지식하우스,20240920,2024,시/에세이
171,9791141601164,S000214094210,고요한 읽기,17000.0,15300.0,이승우,문학동네,20240828,2024,시/에세이
172,9791192884356,S000213471645,미래의 손,13000.0,11700.0,차도하,봄날의책,20240531,2024,시/에세이
173,9791130651804,S000212892774,결국 해내면 그만이다,17000.0,15300.0,정영욱,놀,20240409,2024,시/에세이
174,9791171711581,S000212426112,파타,22000.0,19800.0,문가영,위즈덤하우스,20240306,2024,시/에세이
175,9788976046529,S000212302920,삶을 견디는 기쁨,16800.0,15120.0,헤르만 헤세,문예춘추사,20240228,2024,시/에세이
176,9791189352745,S000211654427,내가 한 말을 내가 오해하지 않기로 함,19800.0,17820.0,문상훈,위너스북,20240105,2024,시/에세이
177,9791171710867,S000211646785,그대는 나의 여름이 되세요,17000.0,15300.0,서덕준,위즈덤하우스,20231214,2023,시/에세이
178,9788954696012,S000210141299,샤워젤과 소다수,12000.0,10800.0,고선경,문학동네,20231019,2023,시/에세이
179,9788901270364,S000201462481,나는 죽을 때까지 재미있게 살고 싶다(40만 부 기념 에디션),17000.0,15300.0,이근후,갤리온,20230417,2023,시/에세이
180,9791191859140,S000001953531,어떤 나무들은,16000.0,14400.0,최승자,난다,20211214,2021,시/에세이
181,9788954682718,S000000781142,다 먹을 때쯤 영원의 머리가 든 매운탕이 나온다,12000.0,10800.0,김현,문학동네,20211010,2021,시/에세이
182,9788946421813,S000000687576,스스로 행복하라,18000.0,16200.0,법정,샘터(샘터사),20210519,2021,시/에세이
183,9791197032127,S000001983019,영원,10000.0,9000.0,김수빈 외,파도,20210308,2021,시/에세이
184,9791189932671,S000001933238,명랑한 은둔자,16000.0,14400.0,캐럴라인 냅,바다출판사,20200904,2020,시/에세이
185,9791188469468,S000001914822,내가 죽으면 장례식에 누가 와줄까(15만 부 기념 리커버 에디션),17500.0,15750.0,김상현,필름(Feelm),20200116,2020,시/에세이
186,9791188343225,S000001913367,"아무튼, 술",12000.0,10800.0,김혼비,제철소,20190507,2019,시/에세이
187,9791160944426,S000001796929,100 인생 그림책,22000.0,19800.0,하이케 팔러,사계절,20190222,2019,시/에세이
188,9788932034942,S000000570399,우리가 함께 장마를 볼 수도 있겠습니다,13000.0,11700.0,박준,문학과지성사,20181213,2018,시/에세이
1,9791199883925,S000221075621,GATHER,30000.0,27000.0,윤지영,북스레브쿠헨,20261001,2026,요리
2,9791195795529,S000001967752,삐뽀삐뽀 119 이유식,18900.0,17010.0,하정훈,유니책방,20171201,2017,요리
3,9791168222724,S000212576919,뿐이 토핑 이유식,29800.0,26820.0,정주희,서사원,20240226,2024,요리
4,9791194087700,S000216903860,류수영의 평생 레시피,25000.0,22500.0,류수영,세미콜론,20250625,2025,요리
5,9791140720217,S000221107087,김진순의 인생 레시피 1,24000.0,21600.0,김진순,길벗,20260909,2026,요리
6,9791194374954,S000220994672,우런니 샌드위치,22000.0,19800.0,박혜진(Cream Park),클,20260909,2026,요리
7,9788931481709,S000220451473,스타듀 밸리 공식 레시피북,32000.0,28800.0,컨선드에이프 외,영진닷컴,20260630,2026,요리
8,9791192385488,S000221248268,"말차를, 시작합니다",20000.0,18000.0,김용재,오픈하우스,20260917,2026,요리
9,9791136043986,S000221283209,2027 에듀윌 제과·제빵기능사 필기 한권끝장+무료특강,20000.0,18000.0,오명석 외,에듀윌,20260914,2026,요리
10,9791193282793,S000220563761,걍레오: 그냥 레오의 오늘 요리,26000.0,23400.0,강레오,하이스트,20260723,2026,요리
11,9791140719068,S000220362859,무염·저염 하나로 끝내는 베이스 유아식,24000.0,21600.0,애플랜(김애정),길벗,20260707,2026,요리
12,9791136039255,S000218082079,2026 에듀윌 제과·제빵기능사 필기 한권끝장,20000.0,18000.0,오명석 외,에듀윌,20251002,2025,요리
13,9791192066141,S000200252593,커피 아틀라스,35000.0,31500.0,제임스 호프만,디자인이음,20221121,2022,요리
14,9791195616169,S000001965106,아이주도 이유식 유아식 매뉴얼 세트,23500.0,21150.0,BLW 연구소,아퍼블리싱,20210831,2021,요리
15,9791175911345,S000221381437,박준면의 낯가리는 레시피,29800.0,26820.0,박준면,위즈덤하우스,20260930,2026,요리
16,9791191994513,S000220340036,추추의 집밥 클래스,22200.0,19980.0,추재현,용감한 까치,20260624,2026,요리
17,9791198553386,S000219981779,내 몸을 바꾸는 집밥테라피,24000.0,21600.0,박용우 외,루미너스,20260605,2026,요리
18,9791192366685,S000220004356,수연이네 사남매 이유식,29800.0,26820.0,유수연,레시피팩토리,20260520,2026,요리
19,9791193406168,S000220774297,간결한 식탁 레시피,26000.0,23400.0,간결한 식탁(이해나),래디시,20260817,2026,요리
20,9791142352614,S000220177891,지브리의 식탁 마녀 배달부 키키,16000.0,14400.0,이선희,대원키즈,20260617,2026,요리
21,9791192366647,S000219145734,아이주도 고형식 완전 가이드: 이유식 & 유아식,33000.0,29700.0,조승연,레시피팩토리,20260203,2026,요리
22,9791192512419,S000208431435,최강록의 요리 노트,16800.0,15120.0,최강록,클,20230814,2023,요리
23,9788971908365,S000061584213,제프리 해멀먼의 브레드 증보개정판,57000.0,51300.0,제프리 해멀먼,그린쿡,20220810,2022,요리
24,9791196533007,S000001977607,튼이 이유식,22000.0,19800.0,정주희,서사원,20190103,2019,요리
25,9791196001889,S000001970441,풍미사전,45000.0,40500.0,니키 세그니트,한스미디어,20180821,2018,요리
26,9788971905883,S000001108712,밀가루 물 소금 이스트,34000.0,30600.0,Ken Forkish,그린쿡,20170510,2017,요리
27,9791175774155,S000221175376,세상에서 가장 만들기 쉬운 홈베이킹,17500.0,15750.0,스즈키 아쓰코,오팬하우스,20260907,2026,요리
28,9791124336557,S000220293529,집밥력,32500.0,29250.0,홀썸모먼트,세미콜론,20260623,2026,요리
29,9791140719013,S000220215201,어른도 아이도 다 잘 먹는 집밥 레시피,22000.0,19800.0,권예은,길벗,20260617,2026,요리
30,9791194687528,S000219488774,브런치 하다앳홈,22000.0,19800.0,박정아,시원북스,20260323,2026,요리
31,9791194328377,S000218262585,2026 기분파 제과제빵기능사 필기,20000.0,18000.0,에듀웨이 R&D 연구소,에듀웨이,20260228,2026,요리
32,9791173850967,S000219438635,카페  바리스타(커피 입문자를 위한),27000.0,27000.0,박영배,백산출판사,20260210,2026,요리
33,9791143402134,S000218330680,2026 시대에듀 한식조리기능사 필기 총정리 기출문제집,20000.0,18000.0,SD상시시험연구소,시대고시기획,20260105,2026,요리
34,9791191994452,S000218329883,냉동 집밥 대백과,22800.0,20520.0,요오리,용감한 까치,20251105,2025,요리
35,9791174910097,S000217444902,2026 제과제빵 기능사&산업기사 필기,25000.0,22500.0,김연진,종이향기,20250910,2025,요리
36,9788969526281,S000217096672,김대석 셰프의 집밥 레시피 3,18000.0,16200.0,김대석,경향BP,20250806,2025,요리
37,9791198553379,S000216446945,스위치온 다이어트 레시피북,23000.0,20700.0,박용우 외,루미너스,20250525,2025,요리
38,9791141939373,S000217586931,두유제조기 이유식 레시피북,20900.0,18810.0,채인영,부크크(Bookk),20250421,2025,요리
39,9791190118798,S000215898422,장,30000.0,27000.0,강민구 외,북커스,20250310,2025,요리
40,9791142303722,S000214965187,지브리의 식탁 이웃집 토토로,16000.0,14400.0,스튜디오 지브리,대원키즈,20241217,2024,요리
41,9791197623356,S000213668591,단이네 순한맛 유아식,21500.0,19350.0,정신혜(단맘),아퍼블리싱,20240715,2024,요리
42,9788934965862,S000201627971,"이원복 교수의 와인의 세계, 세계의 와인 세트",29800.0,26820.0,이원복,김영사,20230427,2023,요리
43,9788969524478,S000001063301,유아식 레시피북,18800.0,16920.0,BLW연구소,경향BP,20210303,2021,요리
44,9791196261108,S000001974052,다반사,25000.0,22500.0,원행,하루헌,20171222,2017,요리
45,9791195650149,S000001965618,음식과 요리,88000.0,79200.0,해럴드 맥기,이데아,20170302,2017,요리
46,9791143418081,S000220616382,2027 시대에듀 제과제빵기능사 필기 총정리 기출문제집,20000.0,18000.0,권영회,시대고시기획,20270105,2027,요리
47,9791186573846,S000221383866,위쳐 공식 요리책,39000.0,35100.0,애니타 사르나 외,비엘북스,20260929,2026,요리
48,9788969526670,S000221281525,김대석 셰프의 계절 밥상 1,20000.0,18000.0,김대석,경향BP,20260923,2026,요리
49,9791124272886,S000221328210,김밥 책,25000.0,22500.0,우정욱,한스미디어,20260922,2026,요리
50,9791187938224,S000220947217,Molino Project(몰리노 프로젝트),30000.0,27000.0,진우범,그레파이트온핑크,20260910,2026,요리
51,9791130682945,S000221161693,유안맘마의 원물 간식 레시피,25000.0,22500.0,임혜나,다산북스,20260903,2026,요리
52,9791143419552,S000221108766,COFFEE BAEDEKER,20000.0,18000.0,황호림,시대인,20260828,2026,요리
53,9791124112083,S000220783518,장이 편한 치유 음식,28000.0,25200.0,이정란,비앤씨월드,20260820,2026,요리
54,9791168625198,S000220716151,매일 맛있는 고기 요리 레시피 55,18000.0,16200.0,후카자와 아야,시그마북스,20260820,2026,요리
55,9791192366715,S000220853673,아리미의 베스트셀러 샌드위치,25000.0,22500.0,신아림,레시피팩토리,20260813,2026,요리
56,9791156163350,S000220589471,혈당 스파이크 잡는 건강 밥상,20000.0,18000.0,박현진,리스컴,20260803,2026,요리
57,9791140719617,S000220631694,진지인 다이어트 밀프렙 레시피,22000.0,19800.0,김지인(진지인),길벗,20260727,2026,요리
58,9791174911483,S000220694636,말차 레시피,28000.0,25200.0,료코 브누아,오름너머,20260720,2026,요리
59,9791176610490,S000220562143,우리동네 어린이병원 이유식 백과,28000.0,25200.0,손수예 외,21세기북스,20260715,2026,요리
60,9791192366708,S000220466314,"유연한 채식, 페스카테리언의 식탁",25000.0,22500.0,지은경,레시피팩토리,20260707,2026,요리
61,9791194880936,S000220221497,공양간의 셰프들,23800.0,21420.0,계호 외,생각의힘,20260701,2026,요리
62,9788927462392,S000220297957,바리스타&카페매니지먼트,22000.0,19800.0,신지해,예문사,20260620,2026,요리
63,9791190118071,S000219976364,참 쉬운 스콘북,16800.0,15120.0,스와 미키코,북커스,20260520,2026,요리
64,9791198559371,S000219646647,"오늘, 제철 유아식",22000.0,19800.0,이소플레이트,북스레브쿠헨,20260507,2026,요리
65,9788971909300,S000219713104,생선 숙성의 기술,30000.0,27000.0,김상돈,그린쿡,20260420,2026,요리
66,9791173851872,S000219786450,베이직 초콜릿 테크닉,17000.0,17000.0,오동환 외,백산출판사,20260420,2026,요리
67,9791161341286,S000219669046,베이킹은 과학이다,26000.0,23400.0,카지하라 요시하루 외,터닝포인트,20260415,2026,요리
68,9791192366678,S000219682241,다이어트와 건강 루틴 잡는 요니의 밀프렙 샐러드 습관,26000.0,23400.0,이미연,레시피팩토리,20260414,2026,요리
69,9791124112045,S000219602471,매일을 위한 빵,30000.0,27000.0,김정은 외,비앤씨월드,20260410,2026,요리
70,9791140717989,S000219334696,첫째아들의 집밥이 맛있어지는 요리 비법,25000.0,22500.0,이승훈,길벗,20260331,2026,요리
71,9791140717798,S000219411341,와인 상식사전,22000.0,19800.0,이기태,길벗,20260325,2026,요리
72,9791199539297,S000219333519,김치 책,33000.0,29700.0,고은정,몽스북,20260303,2026,요리
73,9791155818954,S000219243924,정관스님 나의 음식(백양사 고불매 리커버 양장 에디션),27800.0,25020.0,정관스님,윌북,20260303,2026,요리
74,9791160322675,S000219336016,초간단 원팬 레시피,22000.0,19800.0,다솔쿠,싸이프레스,20260226,2026,요리
75,9791192366654,S000219311437,퍼펙트 크림&디저트,30000.0,27000.0,박예나,레시피팩토리,20260224,2026,요리
76,9791194274353,S000219342119,맛의 기술 Remastered,40000.0,36000.0,권혁만,제이알매니지먼트,20260223,2026,요리
77,9788931479515,S000219083479,2026 이기적 한식조리기능사 필기+실기 올인원,25000.0,22500.0,최경선,영진닷컴,20260213,2026,요리
78,9791199327849,S000219135780,뱃살이 너무 빠져 고민! 닥터셰프 레시피,19800.0,17820.0,임상진,책과삶,20260206,2026,요리
79,9791168624535,S000219059459,팡 데 필로조프의 식사빵,28500.0,25650.0,에노모토 아키라,시그마북스,20260205,2026,요리
80,9791161341293,S000218942060,프렌치 셰프의 친절한 프랑스 요리 교과서,160000.0,144000.0,미쉘 맹상 모렐,터닝포인트,20260120,2026,요리
81,9791175191730,S000217567480,2026 박문각 제과제빵기능사 필기 8개년 기출문제집+무료특강,15000.0,13500.0,하혜란 외,박문각,20260120,2026,요리
82,9791190118989,S000218935529,회뜨기 바이블,25000.0,22500.0,시바타쇼텐,북커스,20260115,2026,요리
83,9791194560593,S000219020118,"2026 경록 떡제조기능사 필기, 실기",22000.0,19800.0,임인숙 외,경록,20260115,2026,요리
84,9791189801762,S000219071396,조선셰프 서유구의 죽 이야기,30000.0,27000.0,풍석문화재단음식연구소 외,자연경실,20260113,2026,요리
85,9791166336034,S000218964538,2026 EBS 제과제빵산업기사 필기 단기합격,22000.0,19800.0,김경진 외,신지원,20260110,2026,요리
86,9791155785157,S000218964534,선미자의 맛,28000.0,25200.0,선미자,조선뉴스프레스,20260108,2026,요리
87,9791193516010,S000218974257,칵테일 크래프팅 1: 기본과 고전,37000.0,33300.0,매태민,프랙티컬프레스,20251229,2025,요리
88,9791136040077,S000218918504,에듀윌 한식조리기능사 실기 한권끝장+과제 무료강의,20000.0,18000.0,김선희 외,에듀윌,20251229,2025,요리
89,9791167826091,S000218729805,사계절 김치 레시피,23000.0,20700.0,배명자,상상출판,20251210,2025,요리
90,9791140716524,S000218629636,365일 집밥 레시피,25000.0,22500.0,황보경,길벗,20251126,2025,요리
91,9791191994469,S000218666672,나폴리 맛피아 시크릿 레시피,26000.0,23400.0,권성준,용감한 까치,20251125,2025,요리
92,9791193388242,S000218360394,초간단 삼플식당 레시피북,22000.0,19800.0,샘플리,서스테인,20251103,2025,요리
93,9791198516282,S000218203398,"영양사 다른맘의 오늘, 아이 첫 끼",19800.0,17820.0,정은주,온포인트,20251027,2025,요리
94,9788987931777,S000218229364,김치명인 이하연의 별별김치,38000.0,34200.0,이하연,한국외식정보,20251021,2025,요리
95,9788931479829,S000217421997,이기적 바리스타 2급 필기 기본서,17000.0,15300.0,임형준,영진닷컴,20250922,2025,요리
96,9791174910103,S000217556218,2026 제과제빵기능사 CBT 기출문제집,20000.0,18000.0,김연진,종이향기,20250910,2025,요리
97,9791156163039,S000217462922,한복선의 한식 대백과,25000.0,22500.0,한복선,리스컴,20250902,2025,요리
98,9791173850394,S000217066348,조리교육의 이해,21000.0,21000.0,나태균,백산출판사,20250826,2025,요리
99,9788971909126,S000217295682,생선 마스터 클래스,29000.0,26100.0,시마즈 오사무,그린쿡,20250814,2025,요리
100,9791194777328,S000217151254,식탁의 장면들,25000.0,22500.0,이민경,한스미디어,20250731,2025,요리
101,9791168224506,S000217036475,전선생의 갱년기 다이어트,23800.0,21420.0,전미란(전선생),서사원,20250730,2025,요리
102,9791190405508,S000216978042,한살림 추천 밥요리,18000.0,16200.0,한살림연합,한살림,20250703,2025,요리
103,9791140713523,S000216748354,유지만 다이어트 레시피,22000.0,19800.0,유지만,길벗,20250610,2025,요리
104,9791198859983,S000216646635,유방암 환우를 위한 요리닥터,19000.0,17100.0,최정희 외,투비스토리,20250526,2025,요리
105,9791193842324,S000216124219,10분 후딱 김밥 레시피 100,18500.0,16650.0,후딱 레시피,청림라이프,20250410,2025,요리
106,9791185141336,S000216037854,저탄 김밥,19000.0,17100.0,임은진,세상풍경,20250326,2025,요리
107,9791198972729,S000215664944,두부 원정대(Dubu Expedition),14000.0,12600.0,삼성웰스토리 외,엠큐브파트너스,20250131,2025,요리
108,9791198559302,S000215100501,히데코의 일본 요리,36000.0,32400.0,나카가와 히데코,북스레브쿠헨,20250120,2025,요리
109,9791192366470,S000215528995,쿡언니네 채소 항염식,23000.0,20700.0,이재연,레시피팩토리,20250115,2025,요리
110,9791193712658,S000214929852,풍미사전 2,55000.0,49500.0,니키 세그니트,한스미디어,20241210,2024,요리
111,9791172109004,S000214921392,부오니시모! 나의 미뇨끼 레시피북,24500.0,22050.0,미뇨끼,동양북스,20241210,2024,요리
112,9791192366456,S000214911832,베이글 홀릭,21000.0,18900.0,최재희,레시피팩토리,20241204,2024,요리
113,9791186627259,S000214736527,바리스타 1급 자격시험 예상문제집,17000.0,17000.0,(사)한국커피협회,커피투데이,20241115,2024,요리
114,9791165675820,S000213489823,쉽게 배우는 한국의 발효음식,26000.0,26000.0,최은희,백산출판사,20241020,2024,요리
115,9788969525963,S000214347306,기적의 항암 식단,18000.0,16200.0,김훈하 외,경향BP,20240919,2024,요리
116,9791192366401,S000214015254,아기 성장 맞춤 이유식,32000.0,28800.0,석은선,레시피팩토리,20240819,2024,요리
117,9788969525888,S000213640873,김대석 셰프의 집밥 레시피 2,18000.0,16200.0,김대석,경향BP,20240703,2024,요리
118,9791164459322,S000213671054,맛있는 스누피 쿠킹,16800.0,15120.0,찰스 M. 슐츠,더모던,20240530,2024,요리
119,9791164459339,S000213671034,달콤한 스누피 베이킹,16800.0,15120.0,찰스 M. 슐츠,더모던,20240530,2024,요리
120,9791192855097,S000213221948,나만의 디저트 레시피를 구상하는 방법 + 디저트 페어링 북 세트,59000.0,53100.0,김동석,더테이블,20240517,2024,요리
121,9791193049372,S000213086864,구움과자 홈베이킹,18000.0,16200.0,김자은(자도르),책밥,20240430,2024,요리
122,9788969930453,S000212778633,맨날 사먹을 순 없잖아,20000.0,18000.0,홍여림,수작걸다,20240415,2024,요리
123,9791192512761,S000212777810,이태리 할머니 파스타,38000.0,34200.0,비키 베니슨,클,20240410,2024,요리
124,9791193049310,S000212157294,면역력 강화를 위한 건강식단 113,18000.0,16200.0,권영희,책밥,20240205,2024,요리
125,9788959408351,S000211972830,치즈 마이 라이프,20000.0,18000.0,조장현,시대의창,20240122,2024,요리
126,9788971908747,S000211753240,제로부터 배운다! 위스키 & 싱글몰트,20000.0,18000.0,구리바야시 고키치,그린쿡,20231220,2023,요리
127,9791192855035,S000211345491,오늘의 소금빵: 쿄 베이커리’s SALTED BREAD,22000.0,19800.0,부인환,더테이블,20231127,2023,요리
128,9791165677077,S000208958456,푸드스타일링 실무,23000.0,23000.0,김진숙 외,백산출판사,20230905,2023,요리
129,9791186993118,S000208958758,식탁 위의 동의보감 2,28000.0,25200.0,김상보 외,와이즈북,20230820,2023,요리
130,9791190900737,S000208258353,공격수셰프의 킥(kick),28000.0,25200.0,박민혁,아이엔지북스,20230801,2023,요리
131,9791192366258,S000203097385,당뇨와 고혈압 잡는 저탄수 균형식 다이어트,21000.0,18900.0,윤지아,레시피팩토리,20230713,2023,요리
132,9791157689149,S000201941772,작업실 301 쿠키 베이킹북,30000.0,27000.0,권향미,동양북스,20230515,2023,요리
133,9788969525390,S000201507097,김대석 셰프의 집밥 레시피 1,18000.0,16200.0,김대석,경향BP,20230426,2023,요리
134,9788968334276,S000201644175,나를 위한 가벼운 집밥책,16800.0,15120.0,서정아,허밍버드,20230426,2023,요리
135,9791197516825,S000201461752,차의 언어,40000.0,36000.0,정혜주,셀렉트핀,20230425,2023,요리
136,9791198129130,S000201245159,안밥모 베스트 유아식,22200.0,19980.0,이샘 외,래디시,20230324,2023,요리
137,9791136024039,S000200777897,에듀윌 중식 조리기능사 실기,20000.0,18000.0,문혜자,에듀윌,20230130,2023,요리
138,9791140702251,S000200394092,365일 반찬 걱정 없는 책,27000.0,24300.0,송혜영(욜로리아),길벗,20221209,2022,요리
139,9788971908426,S000200363979,진짜 다 알려주는 오므라이스 책,15000.0,13500.0,오므라이스 프로,그린쿡,20221205,2022,요리
140,9791167640253,S000200033967,시니맘의 오늘도 완밥 유아식,19500.0,17550.0,시니맘(박지혜),혜지원,20221018,2022,요리
141,9791161341217,S000061695095,베이킹은 과학이다: 제빵편,26000.0,23400.0,카지하라 요시하루 외,터닝포인트,20220926,2022,요리
142,9791197914355,S000061696332,올 어바웃 콤부차,17000.0,15300.0,서형주,청림라이프,20220914,2022,요리
143,9791192385013,S000060628920,차를 시작합니다,18000.0,16200.0,김용재,오픈하우스,20220531,2022,요리
144,9788927812913,S000000527062,하루 한 끼 다이어트 밀프렙,18000.0,16200.0,김수지,중앙북스,20220405,2022,요리
145,9791167820617,S000001851625,뚝딱 초간단 요리,15000.0,13500.0,이미경,상상출판,20220225,2022,요리
146,9791186519493,S000001886639,나의 첫 번째 프랑스 요리,22000.0,19800.0,김모아,비앤씨월드,20220215,2022,요리
147,9791160077704,S000001788354,차의 계절,20000.0,18000.0,정다형,한스미디어,20220113,2022,요리
148,9791160077612,S000001788347,와인 바이블,45000.0,40500.0,케빈 즈랠리,한스미디어,20211222,2021,요리
149,9791130679051,S000001687378,김밀란 파스타,18000.0,16200.0,김밀란,다산라이프,20211217,2021,요리
150,9791190555715,S000001941618,칼의 기본,34000.0,30600.0,주부의벗사,클,20211110,2021,요리
151,9791165796310,S000001840639,"맛있어서, 하루 비건",18000.0,16200.0,박정원,미호,20210820,2021,요리
152,9791160075670,S000001788281,더 믹솔로지,32000.0,28800.0,나구모 슈조,한스미디어,20210217,2021,요리
153,9791190555340,S000001941595,돈가스의 기술,22000.0,19800.0,시바타쇼텐,클,20201210,2020,요리
154,9791186519394,S000001886632,천연발효 베이킹,25000.0,22500.0,홍상기,비앤씨월드,20201201,2020,요리
155,9788969524393,S000001063295,아이가 좋아하는 엄마표 요리 100,14800.0,13320.0,이동미,경향BP,20201118,2020,요리
156,9788954675581,S000000780777,미자언니네 집밥,23000.0,20700.0,선미자,테이스트북스,20201105,2020,요리
157,9791185676630,S000001871959,구움과자,13000.0,11700.0,마오 슈엔훼이,윌스타일(WILLSTYLE),20201105,2020,요리
158,9791188601387,S000001916557,오늘은 아무래도 덮밥,4300.0,3870.0,이마이 료,참돌,20200612,2020,요리
159,9788969930323,S000001063930,카페 Milk Tea(밀크티) 메뉴 101,18000.0,16200.0,이상민,수작걸다,20200525,2020,요리
160,9791196978747,S000001982428,모두의 솥밥,19800.0,17820.0,김희종,맛있는책방,20200520,2020,요리
161,9791190179232,S000001936947,이정현의 집밥레스토랑,22000.0,19800.0,이정현,서사원,20200429,2020,요리
162,9791197022005,S000001982914,진주의 해피 키토 키친,26500.0,23850.0,진주,북드림,20200427,2020,요리
163,9788931461794,S000000555409,와인 폴리(매그넘 에디션),30000.0,27000.0,Madeline Puckette 외,영진닷컴,20200106,2020,요리
164,9791160074468,S000001788192,노마 발효 가이드(The Noma Guide to Fermentation),45000.0,40500.0,르네 레드제피 외,한스미디어,20191209,2019,요리
165,9791125465294,S000001655558,사계절 밀크티 시간,14000.0,12600.0,이주현,시대인,20191205,2019,요리
166,9791188053735,S000001909716,정혜영의 식탁: TABLE,26800.0,24120.0,정혜영,이덴슬리벨,20191025,2019,요리
167,9791188726370,S000001917963,HOW TO BREW 하우 투 브루,38000.0,34200.0,존 J. 파머,라의눈,20190812,2019,요리
168,9791186993088,S000001895664,식탁 위의 동의보감 1,28000.0,25200.0,김상보 외,와이즈북,20190515,2019,요리
169,9788931587012,S000000562047,수미네 반찬,17000.0,15300.0,김수미 외,성안당,20181030,2018,요리
170,9791188311330,S000001912900,재료의 산책 세트,28000.0,25200.0,요나,어라운드,20181026,2018,요리
171,9788997613151,S000001619829,반주: 우리술 주안상 차림,18000.0,16200.0,이한숙 외,디자인소리,20180320,2018,요리
172,9791186560631,S000001887759,심영순의 사계절 우리밥상,21800.0,19620.0,심영순,인플루엔셜,20180220,2018,요리
173,9791161340098,S000001800610,베이킹은 과학이다,23000.0,20700.0,나카야마 히로노리 외,터닝포인트,20171110,2017,요리
174,9791188053124,S000001909658,샘킴의 맛있는 아이밥,19800.0,17820.0,샘 킴,이덴슬리벨,20171103,2017,요리
175,9788932318219,S000000574865,음식 고전,45000.0,40500.0,한복려 외,현암사,20161017,2016,요리
176,9791159550867,S000001780259,한식조리사 실기(2017),20000.0,20000.0,이혜선 외,군자출판사,20160831,2016,요리
177,9788971905678,S000001108691,소스의 기술,30000.0,27000.0,Masaru Kamikakimoto,그린쿡,20160810,2016,요리
178,9791185330273,S000001865864,콩 두부,16800.0,15120.0,김외순,도도,20151005,2015,요리
179,9788927413981,S000000521477,간식을 부탁해,9800.0,8820.0,보쿠,예문사,20150605,2015,요리
180,9788997157952,S000001610110,쿡앤쿡 6: 닭고기로 만드는 반찬&요리,2500.0,2250.0,지원출판 편집부,지원,20150520,2015,요리
181,9788997157921,S000001610107,쿡앤쿡 3: 오징어로 만드는 반찬&요리,2500.0,2250.0,지원출판 편집부,지원,20150520,2015,요리
182,9788961830898,S000000956551,"한국의 맥, 전통음식",30000.0,30000.0,신미혜 외,백산출판사,20140820,2014,요리
183,9791185473017,S000001868621,진짜 기본 베이킹책,18800.0,16920.0,월간 수퍼레시피,레시피팩토리,20140325,2014,요리
184,9788970937106,S000001091192,다구치 마모루 커피대전,32000.0,32000.0,다구치 마모루,광문각,20130206,2013,요리
185,9788988274859,S000001395170,마스터 베이킹,20000.0,18000.0,홍상기,비앤씨월드,20121126,2012,요리
186,9788996851608,S000001604698,프로페셔널 셰프(The Professional Chef) 세트(한글판),120000.0,108000.0,The Culinary Institute of America,학술편수관,20120315,2012,요리
187,9788936908027,S000000617382,김매순의 솜씨와 멋,16000.0,14400.0,김매순 외,대원사,20100910,2010,요리
188,9788936310639,S000000608957,한국의 전통음식,30000.0,30000.0,황혜성 외,교문사,20100825,2010,요리
1,9791199489561,S000220308313,"세네카, 오늘을 빼앗기고 있는 당신에게",18000.0,16200.0,세네카,논픽션,20260701,2026,인문
2,9791192559100,S000218278239,니체의 초월자,16900.0,15210.0,프리드리히 니체,히읏,20251028,2025,인문
3,9791199841109,S000221255753,군주론 : 쇼츠 에디션,19200.0,17280.0,니콜로 마키아벨리,어센딩,20260914,2026,인문
4,9791193282045,S000212414274,쇼펜하우어 인생수업(30만 부 기념 개정증보판),17500.0,15750.0,쇼펜하우어,하이스트,20240220,2024,인문
5,9791138934428,S000218674965,"2026 큰별쌤 최태성의 별별한국사 한국사능력검정시험 심화(1,2,3급)(상)",19000.0,17100.0,최태성,이투스북,20251209,2025,인문
6,9791124248584,S000220923864,옥스브리지의 철학 수업,28000.0,25200.0,고요엘,상상스퀘어,20260902,2026,인문
7,9791173327964,S000221141961,리더는 언제 차이를 만들어내는가,24800.0,22320.0,재레드 다이아몬드,김영사,20260915,2026,인문
8,9791138934459,S000218781780,"2026 큰별쌤 최태성의 별별한국사 기출 500제 한국사능력검정시험 심화(1,2,3급)",22000.0,19800.0,최태성,이투스북,20251216,2025,인문
9,9791138934442,S000218674985,"2026 큰별쌤 최태성의 별별한국사 한국사능력검정시험 심화(1,2,3급)(하)",18500.0,16650.0,최태성,이투스북,20251209,2025,인문
10,9791124248515,S000220588967,문해내공,25000.0,22500.0,신종호 외,상상스퀘어,20260812,2026,인문
11,9791139721973,S000216292200,오디세이아(고대 그리스어 완역본),27000.0,24300.0,호메로스,현대지성,20250418,2025,인문
12,9791187142379,S000001897778,명상록,12000.0,10800.0,마르쿠스 아우렐리우스,현대지성,20180402,2018,인문
13,9791124038833,S000221270868,처음 만나는 철학의 세계,22000.0,19800.0,성창원,북플레저,20260916,2026,인문
14,9791199972001,S000221329727,사회부적응자들을 위한 금지된 자기계발서,22000.0,19800.0,다니엘 최,사운드미디어,20260930,2026,인문
15,9791198632401,S000212169901,당신의 분노에는 이유가 있다,17800.0,16020.0,충페이충,더페이지,20240310,2024,인문
16,9788932476469,S000220694725,오뒷세이아,25000.0,22500.0,호메로스,을유문화사,20260810,2026,인문
17,9791199903432,S000220665243,칼 융의 내면수업,18000.0,16200.0,강이안,필로틱,20260818,2026,인문
18,9791192372730,S000215877577,위버멘쉬,17800.0,16020.0,프리드리히 니체,떠오름(RISE),20250314,2025,인문
19,9791130682556,S000220700198,칵테일을 마시는 철학자들,26000.0,23400.0,사라 베이크웰,다산초당,20260730,2026,인문
20,9791192372792,S000220497730,일 마키아벨리,17800.0,16020.0,니콜로 마키아벨리,떠오름,20260707,2026,인문
21,9791138932943,S000216796440,"큰별쌤 최태성의 별별한국사 시대별 기출문제집 한국사능력검정시험 심화(1,2,3급)",19700.0,17730.0,최태성,이투스북,20250611,2025,인문
22,9791139728002,S000217919065,손자병법,13000.0,11700.0,손자,현대지성,20251014,2025,인문
23,9791199889378,S000221152611,내 인생이 왜 당신 마음에 들어야 합니까,18000.0,16200.0,김경일,퍼스트펭귄,20260909,2026,인문
24,9791198754080,S000217115740,다크 심리학(20만 부 한정판 스페셜 에디션),21900.0,19710.0,다크 사이드 프로젝트,어센딩,20260522,2026,인문
25,9788931027068,S000220350342,사랑의 기술,18800.0,16920.0,에리히 프롬,문예출판사,20260710,2026,인문
26,9791124248171,S000219182450,인생을 위한 최소한의 생각,19800.0,17820.0,신영준 외,상상스퀘어,20260225,2026,인문
27,9788965138310,S000220429584,유럽 도시 기행 3,18900.0,17010.0,유시민,생각의길,20260709,2026,인문
28,9788934972464,S000000597165,사피엔스,26800.0,24120.0,유발 하라리,김영사,20230401,2023,인문
29,9791192559957,S000220693855,그라시안의 사람을 읽는 눈,17900.0,16110.0,김철,히읏,20260729,2026,인문
30,9788901300283,S000220622303,독성 인간,21000.0,18900.0,리앤 텐 브링크,웅진지식하우스,20260724,2026,인문
31,9791124656037,S000220587500,나는 왜 네 말이 힘들까,22000.0,19800.0,박재연,한빛라이프,20260725,2026,인문
32,9791193282243,S000216453220,쇼펜하우어 인생수업 2: 한 번뿐인 삶 이렇게 살아라,17500.0,15750.0,쇼펜하우어,하이스트,20250613,2025,인문
33,9791167743091,S000220293112,사고외주,15000.0,13500.0,홍진기,어크로스,20260622,2026,인문
34,9791168340770,S000200555616,미움받을 용기(200만 부 기념 스페셜 에디션),15900.0,14310.0,기시미 이치로 외,인플루엔셜,20221228,2022,인문
35,9791169666602,S000220453690,한능검 한정판,26000.0,23400.0,문동균,에스티유니타스,20260708,2026,인문
36,9791168273993,S000219055042,명상록,18000.0,16200.0,마르쿠스 아우렐리우스,오아시스,20260130,2026,인문
37,9788934933878,S000214078939,팩트풀니스(50만 부 뉴에디션),23800.0,21420.0,한스 로슬링 외,김영사,20240901,2024,인문
38,9791171711673,S000212753904,하루 한 장 나의 어휘력을 위한 필사 노트,23800.0,21420.0,유선경,위즈덤하우스,20240328,2024,인문
39,9791197977046,S000202596964,여덟 단어,17000.0,15300.0,박웅현,인티앤,20230615,2023,인문
40,9791194140177,S000221283299,관찰 연습,17800.0,16020.0,니콜라 노바,책사람집,20260914,2026,인문
41,9788972917038,S000001128568,소유냐 존재냐,15000.0,13500.0,에리히 프롬,까치,20260520,2026,인문
42,9791139721942,S000216298636,일리아스·오디세이아 세트(고대 그리스어 완역본),55000.0,49500.0,호메로스,현대지성,20250418,2025,인문
43,9791185121505,S000213901918,비폭력대화,20000.0,18000.0,마셜 B. 로젠버그,한국NVC출판사,20240805,2024,인문
44,9791193506516,S000213310247,초역 부처의 말,17800.0,16020.0,코이케 류노스케,포레스트북스,20240530,2024,인문
45,9791199849327,S000221284577,주의를 기울이는 법,21000.0,18900.0,롭 워커,마주,20260921,2026,인문
46,9791194812296,S000220734695,"번아웃 직전, 맹자를 만났다",19800.0,17820.0,판덩,이든서재,20260820,2026,인문
47,9791171715374,S000218301299,하루 한 장 나의 표현력을 위한 필사 노트(피너츠 에디션),23800.0,21420.0,유선경,위즈덤하우스,20251105,2025,인문
48,9791166817878,S000001847944,군주론(무삭제 완역본),7700.0,6930.0,니콜로 마키아벨리,현대지성,20210726,2021,인문
49,9791169852241,S000221108742,유손생의 수어 일력 365,24000.0,21600.0,유슬기,페이지2북스,20260909,2026,인문
50,9791198754097,S000219545519,다크 심리학 2,24200.0,21780.0,다크 사이드 프로젝트,어센딩,20260424,2026,인문
51,9788927775683,S000218844929,원큐패스 11일에 완성하는 서경석의 다이어트 한국사능력검정시험 심화(1·2·3급),20000.0,18000.0,서경석,다락원,20260105,2026,인문
52,9791193282908,S000221031495,부처 인생수업: 2500년 동안 내려온 삶의 지혜,18800.0,16920.0,부처,하이스트,20260825,2026,인문
53,9791198409690,S000220279442,니체와 함께 지적 대화를,18800.0,16920.0,양원근,리미트리스,20260623,2026,인문
54,9791124038413,S000219732915,품격 있는 대화를 위한 지식 브리핑,25000.0,22500.0,김진,북플레저,20260506,2026,인문
55,9791199383074,S000219310977,완벽한 원시인,22000.0,19800.0,자청,필로틱,20260311,2026,인문
56,9791192300818,S000208779631,마흔에 읽는 쇼펜하우어,17000.0,15300.0,강용수,유노북스,20251204,2025,인문
57,9791194877004,S000216507670,질문의 격,17800.0,16020.0,유선경,앤의서재,20250525,2025,인문
58,9791194530213,S000216001919,초역 부처의 말 필사집,22000.0,19800.0,코이케 류노스케,포레스트북스,20250319,2025,인문
59,9791194330424,S000214465905,넥서스,27800.0,25020.0,유발 하라리,김영사,20241011,2024,인문
60,9791171175864,S000213326678,행복의 기원,22000.0,19800.0,서은국,21세기북스,20240522,2024,인문
61,9791193401583,S000218576850,최소한의 삼국지(최소한의 교양 수업 시리즈),19500.0,17550.0,최태성,프런트페이지,20251118,2025,인문
62,9791138924405,S000212909348,"큰별쌤 최태성의 별별한국사 7일의 기적 한국사능력검정시험 심화(1, 2, 3급)(2026)",16500.0,14850.0,최태성,이투스북,20240403,2024,인문
63,9788978496629,S000061584236,초역 니체의 말,15800.0,14220.0,프리드리히 니체,삼호미디어,20220829,2022,인문
64,9788937834790,S000000625441,정의란 무엇인가,18000.0,16200.0,마이클 샌델,와이즈베리,20141120,2014,인문
65,9791190194297,S000221152306,편집장과 책을 씁니다,18000.0,16200.0,조기준,아토북(Atto Book),20260911,2026,인문
66,9791130682709,S000221062760,어제의 세계,33000.0,29700.0,슈테판 츠바이크,다산초당,20260828,2026,인문
67,9791124649640,S000220700581,내면혁명(2.알베르 카뮈),17800.0,16020.0,알베르 카뮈,이너스북스,20260810,2026,인문
68,9791199854710,S000220587643,인생에 단어가 스며드는 순간,22000.0,19800.0,황선엽,빛의서가,20260729,2026,인문
69,9791124649114,S000220222274,세상이 정한 실패가 내 인생의 실패는 아니다,17800.0,16020.0,사마천,ORIGIN,20260616,2026,인문
70,9788932920306,S000000582065,늦깎이 천재들의 비밀,25000.0,22500.0,데이비드 엡스타인,열린책들,20200510,2020,인문
71,9791190313186,S000001938774,지적 대화를 위한 넓고 얕은 지식 1,19000.0,17100.0,채사장,웨일북(whalebooks),20200205,2020,인문
72,9791190182560,S000001937018,인간 본성의 법칙 (리커버:K),38000.0,34200.0,로버트 그린,위즈덤하우스,20190729,2019,인문
73,9788932027265,S000000570071,"사람, 장소, 환대",16000.0,14400.0,김현경,문학과지성사,20150331,2015,인문
74,9791124497159,S000220922289,나에게 분명 문제가 있습니다,22000.0,19800.0,데이비드 J. 리버만,서교책방,20260819,2026,인문
75,9791136041586,S000220273634,2027 에듀윌 KBS한국어능력시험 한권끝장+무료특강,35000.0,31500.0,송주연 외,에듀윌,20260623,2026,인문
76,9791167742063,S000216514478,경험의 멸종,19800.0,17820.0,크리스틴 로젠,어크로스,20250520,2025,인문
77,9791191535174,S000216453237,제자리에 있다는 것,16800.0,15120.0,클레르 마랭,에디투스,20250512,2025,인문
78,9791130689890,S000001687471,내가 틀릴 수도 있습니다,18000.0,16200.0,비욘 나티코 린데블라드,다산초당,20240108,2024,인문
79,9791164136452,S000001826105,공정하다는 착각,18000.0,16200.0,마이클 샌델,와이즈베리,20201201,2020,인문
80,9791187142591,S000001897790,논어(무삭제 완역본),12000.0,10800.0,공자,현대지성,20181001,2018,인문
81,9791169087537,S000220923166,기대의 감각,18000.0,16200.0,김지용,오리지널스,20260819,2026,인문
82,9791173578601,S000219435754,이향인,16900.0,15210.0,라미 카민스키,21세기북스,20260325,2026,인문
83,9791171831432,S000218090228,쇼펜하우어 X 니체 필사책,20000.0,18000.0,아르투어 쇼펜하우어 외,유노북스,20250930,2025,인문
84,9791139725636,S000217164649,인생의 짧음에 대하여,17500.0,15750.0,루키우스 안나이우스 세네카,현대지성,20250801,2025,인문
85,9791130698366,S000201321509,아비투스(양장특별판),22000.0,19800.0,도리스 메르틴,다산초당,20230324,2023,인문
86,9791190313193,S000001938775,지적 대화를 위한 넓고 얕은 지식 2,19000.0,17100.0,채사장,웨일북(whalebooks),20200205,2020,인문
87,9791187142676,S000001897793,도덕경(무삭제 완역본),12000.0,10800.0,노자,현대지성,20190102,2019,인문
88,9788991290099,S000001470191,명상록,13000.0,11700.0,마르쿠스 아우렐리우스,숲,20161201,2016,인문
89,9788932027838,S000000570122,에로스의 종말,14000.0,12600.0,한병철 외,문학과지성사,20151005,2015,인문
90,9788991290150,S000001470197,오뒷세이아,33000.0,29700.0,호메로스,숲,20150910,2015,인문
91,9788937833663,S000000625342,돈으로 살 수 없는 것들,18000.0,16200.0,마이클 샌델,와이즈베리,20120424,2012,인문
92,9791176612821,S000221231084,사고의 품격,28000.0,25200.0,투리 문테,21세기북스,20260909,2026,인문
93,9788936481650,S000220938761,당신과 내가 대화할 수 있을까,20000.0,18000.0,정희진,창비,20260820,2026,인문
94,9791173492396,S000219815249,2027 김영북스 공부돼지 벼락치기 한능검 한국사능력검정시험 심화(1·2·3급),29000.0,26100.0,이루리,김영북스,20260511,2026,인문
95,9791136040640,S000218881829,2026 에듀윌 임상심리사 2급 실기 주제별×회차별 기출문제집,23000.0,20700.0,진성오 외,에듀윌,20260105,2026,인문
96,9791191369717,S000217594425,왜 당신은 태도가 아니라 인생을 탓하는가,16000.0,14400.0,고윤(페이서스 코리아),딥앤와이드,20251014,2025,인문
97,9791194530398,S000216716900,단 한 줄만 내 마음에 새긴다고 해도,23800.0,21420.0,나민애,포레스트북스,20250611,2025,인문
98,9788937489143,S000000621241,스토리텔링 애니멀,22000.0,19800.0,조너선 갓셜,민음사,20140425,2014,인문
99,9791170614197,S000221361847,오래 곁에 두어 좋은 말,18800.0,16920.0,나민애,북다,20261009,2026,인문
100,9791124248652,S000221327640,읽는 인간,19500.0,17550.0,오에 겐자부로,상상스퀘어,20260930,2026,인문
101,9791140720347,S000221280792,인생의 해부학,22000.0,19800.0,가브리엘 웨스턴,더퀘스트,20260923,2026,인문
102,9791170437826,S000220955152,도시 인문학 수업,25000.0,22500.0,도시연구소,믹스커피,20260910,2026,인문
103,9791191587968,S000221194257,텃밭과 정원,20000.0,18000.0,최진석,퍼블리온,20260907,2026,인문
104,9791143406422,S000218787224,2026 시대에듀 한국실용글쓰기 실제 기출로 끝내기,20000.0,18000.0,이원근 외,시대고시기획,20260805,2026,인문
105,9791199286917,S000220509683,너무 성실한 시스템,20000.0,18000.0,이산,이너피스커뮤니케이션즈,20260715,2026,인문
106,9791176441995,S000220047110,2026 해커스 한국사능력검정시험 심화(1·2·3급) 이중석 맵핑 한국사 필기노트,17000.0,15300.0,이중석,해커스한국사,20260528,2026,인문
107,9791173579721,S000219862150,말하지 않고 말하기,24000.0,21600.0,김정운,21세기북스,20260511,2026,인문
108,9791139730401,S000219662448,"하루 한 장, 단단한 삶을 위한 고전 필사 노트",19900.0,17910.0,김선영,현대지성,20260421,2026,인문
109,9791171831678,S000219736198,스님의 필사책,22000.0,19800.0,정운,유노북스,20260417,2026,인문
110,9788962626605,S000216885989,먼저 온 미래,20000.0,18000.0,장강명,동아시아,20250626,2025,인문
111,9791168272675,S000215690387,만화로 보는 3분 철학 세트,49600.0,44640.0,김재훈,카시오페아,20250131,2025,인문
112,9791192300917,S000210694912,오십에 읽는 주역,17000.0,15300.0,강기진,유노북스,20231031,2023,인문
113,9791197977060,S000208863945,책은 도끼다,17500.0,15750.0,박웅현,인티앤,20230905,2023,인문
114,9791168340855,S000201078049,내면소통,33000.0,29700.0,김주환,인플루엔셜,20230227,2023,인문
115,9788965137702,S000061351196,유럽 도시 기행 2,17500.0,15750.0,유시민,생각의길,20220709,2022,인문
116,9788934991328,S000000598067,사피엔스: 그래픽 히스토리 Vol.1,19800.0,17820.0,유발 하라리 외,김영사,20201123,2020,인문
117,9791160804751,S000001795986,자유로부터의 도피,16000.0,14400.0,에리히 프롬,휴머니스트,20200907,2020,인문
118,9788985155502,S000001332195,사후생,13000.0,11700.0,엘리자베스 퀴블러 로스,(재)여해와함께,20200331,2020,인문
119,9791124591161,S000221280918,인간을 위한 공간,25000.0,22500.0,다비데 루촌,포레스트북스,20260916,2026,인문
120,9791189586973,S000221189484,이동의 심리학,19000.0,17100.0,김정화,크레파스북,20260907,2026,인문
121,9791139721966,S000216292207,일리아스(고대 그리스어 완역본),30000.0,27000.0,호메로스,현대지성,20260819,2026,인문
122,9788969657497,S000220574456,"KBS한국어능력시험 공식 기출문제집 2026 상반기 제91, 90, 89회",30000.0,27000.0,KBS한국어진흥원,해커스자격증,20260721,2026,인문
123,9791199624979,S000219929127,지적 대화를 위한 AI 언어 수업,20000.0,18000.0,강수진,어웨이크(AWAKE),20260512,2026,인문
124,9788932476049,S000219467678,도시는 무엇으로 사는가(10주년 기념판),20000.0,18000.0,유현준,을유문화사,20260320,2026,인문
125,9791124300008,S000219186591,중요한 몸,28000.0,25200.0,주디스 버틀러,알렙,20260129,2026,인문
126,9788969656919,S000218969538,2026 해커스 한국사능력검정시험 심화(1·2·3급) 한능검 초단기 3급+ 합격,15000.0,13500.0,해커스 한국사연구소,해커스한국사,20260116,2026,인문
127,9791193059715,S000218853721,"요즘 교사를 위한 에듀테크 5대장: 캔바, 패들렛, 북크리에이터, 노션, 챗GPT∙제미나이",19800.0,17820.0,안익재 외,앤써북,20251230,2025,인문
128,9791194600848,S000218840388,세계척학전집: 훔친 철학 편,22000.0,19800.0,이클립스,모티브,20251224,2025,인문
129,9791139725612,S000217164640,화에 대하여,17500.0,15750.0,루키우스 안나이우스 세네카,현대지성,20250801,2025,인문
130,9791193238691,S000216841258,편안함의 습격,22000.0,19800.0,마이클 이스터,수오서재,20250624,2025,인문
131,9788901294742,S000216354970,청춘의 독서(특별증보판),18900.0,17010.0,유시민,웅진지식하우스,20250422,2025,인문
132,9791140712250,S000215528025,지능의 기원,33000.0,29700.0,맥스 베넷,더퀘스트,20250122,2025,인문
133,9788901285894,S000213913660,불안 세대,24800.0,22320.0,조너선 하이트,웅진지식하우스,20240731,2024,인문
134,9791193282069,S000212773396,니체 인생수업: 니체가 세상에 남긴 66가지 인생지혜(리커버 에디션),17500.0,15750.0,프리드리히 니체,하이스트,20240322,2024,인문
135,9788980389483,S000202556618,사랑의 단상,30000.0,27000.0,롤랑 바르트,동문선,20230602,2023,인문
136,9791192300245,S000061671940,마흔에 읽는 니체,16000.0,14400.0,장재형,유노북스,20220901,2022,인문
137,9791130679365,S000001687391,데일리 필로소피,18000.0,16200.0,라이언 홀리데이 외,다산초당,20211224,2021,인문
138,9788957337356,S000000848367,도덕의 계보,18000.0,16200.0,프리드리히 니체,아카넷,20210630,2021,인문
139,9788937420474,S000000618861,사기 열전 1~2권 세트,60000.0,54000.0,사마천,민음사,20200810,2020,인문
140,9788965135586,S000001016020,유럽 도시 기행 1,16500.0,14850.0,유시민,생각의길,20190709,2019,인문
141,9791130620459,S000001686647,철학은 어떻게 삶의 무기가 되는가(리커버),19000.0,17100.0,야마구치 슈,다산초당,20190121,2019,인문
142,9788965746669,S000001026048,당신이 옳다,18500.0,16650.0,정혜신,해냄출판사,20181010,2018,인문
143,9791186757093,S000001891815,자존감 수업,17000.0,15300.0,윤홍균,심플라이프,20160901,2016,인문
144,9788937837654,S000000625549,정리하는 뇌,22000.0,19800.0,대니얼 J. 레비틴,와이즈베리,20150622,2015,인문
145,8820018082551,S000000357837,백강 고시체 교수 학습 : 고시 전문서 고시 답안지 글씨 쓰기,23000.0,23000.0,이태희,백강문자연구원,20080909,2008,인문
146,9788932309774,S000000574143,장자,15000.0,13500.0,오강남,현암사,20030330,2003,인문
147,9791124073407,S000221357669,대체 ADHD가 뭐길래,20000.0,18000.0,알렉스 코너 외,미래의창,20261006,2026,인문
148,9791193049884,S000221336474,도쿄 인사이트 산책,21000.0,18900.0,김학재 외,책밥,20260928,2026,인문
149,9791124516690,S000221189181,유아 AI 놀이 백과사전 100,32000.0,28800.0,교사크리에이터협회 유아교육부 외,골든래빗(주),20260917,2026,인문
150,9791169095990,S000221151708,편집자의 책읽기,24000.0,21600.0,김영준,글항아리,20260910,2026,인문
151,9791191462470,S000220945934,당신의 집중력은 잘못이 없다,22000.0,19800.0,반건호,라이프앤페이지,20260910,2026,인문
152,9791122107203,S000221193202,"이지페이지: 세네카, 오늘을 빼앗기고 있는 당신에게(큰글자책)",25200.0,22680.0,루키우스 안나이우스 세네카,논픽션,20260909,2026,인문
153,9791193866559,S000220728598,불행 앞에 노래 부르리,18800.0,16920.0,크리스 카,피카(FIKA),20260820,2026,인문
154,9791172541415,S000220922292,마음 놓고 쉬고 싶은 당신을 위한 필사 노트,21000.0,18900.0,김은영,심심,20260819,2026,인문
155,9791175780347,S000220490358,인생에 한번은 오디세이아,19500.0,17550.0,샘 아크바,부키,20260724,2026,인문
156,9791191716467,S000220574435,완전히 새로운 인문학 글쓰기,18000.0,16200.0,아베 고다이,다다서재,20260721,2026,인문
157,9791166894305,S000220568073,지능 파산,17800.0,16020.0,한소원,바다출판사,20260717,2026,인문
158,9788920037443,S000000458386,"심리학에게묻다 (26-2학기,워크북포함)",20000.0,20000.0,하혜숙 외,한국방송통신대학교출판문화원,20260706,2026,인문
159,9788901300092,S000220270663,읽지 않는 사람들,22000.0,19800.0,나오미 배런,웅진지식하우스,20260617,2026,인문
160,9788934991311,S000220100225,사피엔스: 그래픽 히스토리 시리즈 세트,79200.0,71280.0,유발 하라리,김영사,20260529,2026,인문
161,9791171012442,S000220093940,단절(들),17000.0,15300.0,클레르 마랭,사람in,20260529,2026,인문
162,9791199076952,S000220042134,AI시대에 인문학은 무엇인가,15000.0,13500.0,김형석,위더북,20260527,2026,인문
163,9791124539002,S000219725260,우월한 열등감,21000.0,18900.0,알프레드 아들러,저녁달,20260425,2026,인문
164,9791193941645,S000219520002,독학이라는 세계,17800.0,16020.0,시라토리 하루히코,클랩북스,20260401,2026,인문
165,9791193282656,S000219436148,쇼펜하우어 인생수업 필사집,22000.0,19800.0,아르투어 쇼펜하우어,하이스트,20260225,2026,인문
166,9791167742650,S000219075334,뇌는 어떻게 변화를 거부하는가,19800.0,17820.0,슈테판 클라인,어크로스,20260128,2026,인문
167,9788969656315,S000218841197,2026 해커스 한국사능력검정시험 심화(1 2 3급) 회차별 기출문제집,20000.0,18000.0,해커스 한국사연구소,해커스한국사,20260105,2026,인문
168,9791138934473,S000218845272,"큰별쌤 최태성의 별별한국사 기출 500제 한국사능력검정시험 기본(4,5,6급)",22000.0,19800.0,최태성,이투스북,20251223,2025,인문
169,9791136038975,S000217580429,2026 에듀윌 청소년상담사 3급 면접 사례별 질문+답변+무료특강,30000.0,27000.0,에듀윌청소년상담LAB,에듀윌,20250919,2025,인문
170,9791136039217,S000218358750,2026 에듀윌 한국사능력검정시험 심화 한권끝장+무료특강,29000.0,26100.0,에듀윌 한국사교육연구소,에듀윌,20250915,2025,인문
171,9788969656612,S000217532846,2026 해커스 한국사능력검정시험 심화(1·2·3급) 2주 합격,23000.0,20700.0,해커스 한국사연구소,해커스한국사,20250915,2025,인문
172,9791194725206,S000217483296,조용한 회복,22000.0,19800.0,박재연,한빛라이프,20250910,2025,인문
173,9791199223929,S000217482448,아직도 가야 할 길,25000.0,22500.0,M. 스캇 펙,율리시즈,20250905,2025,인문
174,9791155818428,S000217210673,여자에 관하여,16800.0,15120.0,수전 손택,윌북,20250731,2025,인문
175,9791171831104,S000216663309,오십에 읽는 논어,19000.0,17100.0,최종엽,유노북스,20250604,2025,인문
176,9788972918677,S000216420246,존재와 시간,33000.0,29700.0,마르틴 하이데거,까치,20250507,2025,인문
177,9791172611446,S000216042345,받아들임(20주년 기념판),25000.0,22500.0,타라 브랙,불광출판사,20250318,2025,인문
178,9788933803653,S000215787651,이어령의 말,22000.0,19800.0,이어령,세계사,20250226,2025,인문
179,9788936480684,S000215614728,정선 목민심서,24000.0,21600.0,정약용,창비,20250124,2025,인문
180,9791192097978,S000214874739,지적 대화를 위한 넓고 얕은 지식 무한,19000.0,17100.0,채사장,웨일북(whalebooks),20241224,2024,인문
181,9791138926744,S000213487060,초등 한국사능력검정시험,19000.0,17100.0,최태성,이투스북,20240611,2024,인문
182,9791194072003,S000213351103,내 언어의 한계는 내 세계의 한계이다,18800.0,16920.0,김종원,마인드셋(Mindset),20240529,2024,인문
183,9788969654762,S000212713829,해커스 KBS한국어능력시험 한 권으로 끝,34000.0,30600.0,해커스 한국어연구소,해커스자격증,20240320,2024,인문
184,9791169850476,S000209762842,군주론,17000.0,15300.0,니콜로 마키아벨리,페이지2북스,20231016,2023,인문
185,9788934977841,S000000597410,호모 데우스,26800.0,24120.0,유발 하라리,김영사,20230801,2023,인문
186,9788934943235,S000200641463,사피엔스(양장 특별판),30000.0,27000.0,유발 하라리,김영사,20230127,2023,인문
187,9791140700561,S000061450147,혼자 시작하는 사주명리 공부,28000.0,25200.0,김원,더퀘스트,20220729,2022,인문
188,9788957336687,S000000848309,소크라테스의 변명,13000.0,11700.0,플라톤,아카넷,20200228,2020,인문
1,9791176821803,S000221337190,스포츠 AX 대전환,18500.0,16650.0,홍원표,미다스북스,20260930,2026,취미/실용/스포츠
2,9788927813644,S000220272478,머도쿠,23000.0,20700.0,마누엘 가란드,중앙북스,20260618,2026,취미/실용/스포츠
3,9788927812975,S000061350533,당신은 사건 현장에 있습니다,28000.0,25200.0,모데스토 가르시아,중앙북스,20220530,2022,취미/실용/스포츠
4,9791155719701,S000221143185,더 챔피언(The Champion)(2026-2027),32000.0,28800.0,송영주 외,맥스미디어,20260922,2026,취미/실용/스포츠
5,9791124272855,S000221354453,털실타래 Vol.17 (2026년 가을호),24000.0,21600.0,일본 보그사,한스미디어,20260930,2026,취미/실용/스포츠
6,9791172102418,S000221031482,가장 쉬운 독학 타로카드 첫걸음,29800.0,26820.0,타로 알려주는 남자(김지훈),동양북스,20260810,2026,취미/실용/스포츠
7,9788927813361,S000216453428,당신은 사건 현장에 있습니다 시즌 3,28000.0,25200.0,모데스토 가르시아,중앙북스,20250513,2025,취미/실용/스포츠
8,9788927879718,S000201419276,당신은 사건 현장에 있습니다 시즌 2,28000.0,25200.0,모데스토 가르시아,중앙북스,20230403,2023,취미/실용/스포츠
9,9791196535032,S000001977636,스도쿠 1(초급/중급),7000.0,6300.0,수피아편집기획팀,수피아(supia),20190518,2019,취미/실용/스포츠
10,9791124656099,S000221161711,암호 추리 퍼즐 144,17000.0,15300.0,룸메이커 백종원 외,한빛라이프,20260907,2026,취미/실용/스포츠
11,9791190818445,S000218729682,스프링북 가로세로 낱말퍼즐,11900.0,10710.0,김형배,시간과공간사,20260120,2026,취미/실용/스포츠
12,9791169780940,S000221075120,20262027 아틀레티코 마드리드 가이드북,20000.0,18000.0,한준,브레인스토어,20260928,2026,취미/실용/스포츠
13,9791167184351,S000221327758,네모네모 로직 PLUS 고급편 7,13000.0,11700.0,제우미디어 편집부,제우미디어,20260917,2026,취미/실용/스포츠
14,9791188554980,S000221151021,처음 시작하는 모눈뜨기,16800.0,15120.0,애플민트,지금이책,20260915,2026,취미/실용/스포츠
15,9791169780797,S000219252659,2026 프로야구 가이드북,29000.0,26100.0,나유리 외,브레인스토어,20260403,2026,취미/실용/스포츠
16,9788925572765,S000219378277,F1 더 포뮬러,22000.0,19800.0,조슈아 로빈슨 외,알에이치코리아,20260320,2026,취미/실용/스포츠
17,9791194456254,S000219545701,ACSM's 운동검사 운동처방 지침,30000.0,30000.0,ACSM,한미의학,20260225,2026,취미/실용/스포츠
18,9791142342110,S000219145493,소워니놀이터 숲속마을 스퀴시북,20000.0,18000.0,조윤성(소워니놀이터),대원앤북,20260205,2026,취미/실용/스포츠
19,9788947501613,S000216646874,벤 호건 골프의 기본,22000.0,19800.0,벤 호건 외,한국경제신문,20250530,2025,취미/실용/스포츠
20,9788936629038,S000216124579,당구에 미치다,32000.0,28800.0,신용인 외,일신서적출판사,20250410,2025,취미/실용/스포츠
21,9791172100773,S000214625981,knits pour moi 나를 위한 뜨개,31500.0,28350.0,김수민,동양북스,20241028,2024,취미/실용/스포츠
22,9791188150649,S000210428433,체육측정평가,25000.0,22500.0,조정환 외,위북스,20230831,2023,취미/실용/스포츠
23,9788927879947,S000208710089,크라임 퍼즐,19500.0,17550.0,G.T.Karber,중앙북스,20230811,2023,취미/실용/스포츠
24,9791188546275,S000001915945,마기카로기아: 기본룰북,32000.0,32000.0,카와시마 토이치로 외,티알피지클럽(TRPG CLUB),20200731,2020,취미/실용/스포츠
25,9791160074352,S000001788184,가장 친절한 타로,22000.0,19800.0,LUA,한스미디어,20191119,2019,취미/실용/스포츠
26,9788971429914,S000001100374,스프링북 스도쿠 1(초급 중급),7500.0,6750.0,스도쿠 존 연구소 외,시간과공간사,20180108,2018,취미/실용/스포츠
27,9788971429921,S000001100375,스프링북 스도쿠 2(고급 고수),7500.0,6750.0,스도쿠 존 연구소 외,시간과공간사,20180108,2018,취미/실용/스포츠
28,9791199242722,S000221250698,두뇌 트레이닝 스도쿠 : 초급.중급,11000.0,9900.0,브레인 로직,수피아(supia),20260930,2026,취미/실용/스포츠
29,8809499071070,S000221268822,뿌미맘 가계부 (2027),17000.0,11900.0,상큼한 뿌미맘 차지선,시원북스,20260916,2026,취미/실용/스포츠
30,9791158952051,S000221281269,자르지 않고 한 장으로 접는 곤충 종이접기,18000.0,16200.0,후지모토 무네지,봄봄스쿨,20260914,2026,취미/실용/스포츠
31,9788979294958,S000221161798,캔디 컬러 코바늘 뜨개,16800.0,15120.0,코로루루,온밤,20260910,2026,취미/실용/스포츠
32,9788964948071,S000220996814,슈퍼 가쿠로 초급 중급,8800.0,7920.0,퍼즐러 미디어 리미티드,보누스,20260910,2026,취미/실용/스포츠
33,8800319848346,S000221242509,"하루 한 장, 100일의 두뇌 훈련 스도쿠 챌린지: Easy",7800.0,3900.0,참돌 편집부,참돌,20260908,2026,취미/실용/스포츠
34,9791136043740,S000221048964,2027 에듀윌 스포츠지도사 필기 한권끝장(빈출이론+기출문제+모의고사+무료특강),32000.0,28800.0,정수봉 외,에듀윌,20260902,2026,취미/실용/스포츠
35,9791155362495,S000220735625,독학으로 시작하는 재봉틀,25000.0,22500.0,제리,즐거운상상,20260811,2026,취미/실용/스포츠
36,9791159434921,S000220120519,운동제어와 학습의 역동성,38000.0,38000.0,류영욱,범문에듀케이션,20260701,2026,취미/실용/스포츠
37,9791188554959,S000220165865,모티브 연결 패턴과 베리에이션,17500.0,15750.0,사카이 하나,지금이책,20260620,2026,취미/실용/스포츠
38,9791124370674,S000220110931,골프 스윙의 정석,22000.0,19800.0,김민준,모티브,20260607,2026,취미/실용/스포츠
39,9791185676883,S000220104067,츠무기 공방의 대바늘 뜨개 인형,18000.0,16200.0,츠무기 공방,윌스타일(WILLSTYLE),20260526,2026,취미/실용/스포츠
40,9791124392003,S000219550425,SUDOKU 스도쿠,8500.0,7650.0,다온북스 편집부,다온북스,20260327,2026,취미/실용/스포츠
41,9791194687450,S000219607553,미꽃체 마스터북,18800.0,16920.0,미꽃 최현미,시원북스,20260310,2026,취미/실용/스포츠
42,9791191834505,S000219252364,2026 장승규의 스포츠경영관리사 실기 키포인트,28000.0,25200.0,장승규,지식닷컴,20260201,2026,취미/실용/스포츠
43,9791193810088,S000218268813,겨울정원,28000.0,25200.0,김장훈,가지,20251115,2025,취미/실용/스포츠
44,9791138847742,S000218083366,반셀프 인테리어 교과서,22000.0,19800.0,미대오빠(이제희),좋은땅,20250917,2025,취미/실용/스포츠
45,9791188554881,S000217394934,대바늘 손뜨개의 시작코 & 코막음 핸드북,18000.0,16200.0,니시무라 도모코,지금이책,20250830,2025,취미/실용/스포츠
46,9788920053535,S000217135131,DK 개 백과사전,44000.0,39600.0,DK 백과사전 편집위원회,지식의날개,20250818,2025,취미/실용/스포츠
47,9791191895407,S000217222617,The 모두의 스도쿠 No1,4900.0,4410.0,스도쿠 크리에이터,랜딩북스,20250808,2025,취미/실용/스포츠
48,9788927813392,S000217164418,당신은 사건 현장에 있습니다 1 2 3 Special Edition,84000.0,75600.0,모데스토 가르시아,중앙북스,20250728,2025,취미/실용/스포츠
49,9791185676814,S000216667864,M·L·XL 사이즈로 뜨는 남자 니트 셀렉션,18000.0,16200.0,일본 보그사,윌스타일(WILLSTYLE),20250523,2025,취미/실용/스포츠
50,9791192179193,S000216683290,데코폴리 스티커 컬러링 북: 꽃과 소녀,24000.0,21600.0,DNA디자인 편집부,DNA디자인,20250520,2025,취미/실용/스포츠
51,9791194383154,S000216256002,"그랑프리, 그림으로 보는 F1 역사",36000.0,36000.0,윌 벅스턴,골든래빗(주),20250401,2025,취미/실용/스포츠
52,9791197831782,S000216063724,포에버 도그 라이프,28500.0,25650.0,로드니 하비브 외,코쿤북스,20250323,2025,취미/실용/스포츠
53,9788956545745,S000215816924,체육수업모형,34000.0,30600.0,Michael Meltzer 외,대한미디어,20250301,2025,취미/실용/스포츠
54,9791193712610,S000214883112,대바늘 뜨개 대백과,75000.0,67500.0,보그 니팅 매거진 편집부,한스미디어,20241129,2024,취미/실용/스포츠
55,9791167184764,S000214598998,나의 첫 손뜨개: 3일 안에 만드는 모자와 목도리,19800.0,17820.0,미카 외,제우미디어,20241024,2024,취미/실용/스포츠
56,9791193712566,S000214597692,대바늘 니트 사이즈 조정 핸드북,18500.0,16650.0,일본 보그사,한스미디어,20241023,2024,취미/실용/스포츠
57,9788978497084,S000214081184,현대 축구 전술 바이블,20000.0,18000.0,토비아스 에셔,삼호미디어,20240830,2024,취미/실용/스포츠
58,9791197776991,S000213900306,두뇌가 좋아하는 스도쿠 3(고급/고수),11000.0,9900.0,수피아 편집기획팀,수피아,20240731,2024,취미/실용/스포츠
59,9791188554799,S000212675564,아무히비 니트 북,16800.0,15120.0,우메모토 미키코,지금이책,20240330,2024,취미/실용/스포츠
60,9788993245509,S000212650166,파크골프 표준교재(2024),14000.0,12600.0,대한파크골프협회,대한파크골프협회,20240222,2024,취미/실용/스포츠
61,9788901276526,S000210964535,김대리의 데일리 뜨개,21000.0,18900.0,바늘이야기 김대리,웅진리빙하우스,20231108,2023,취미/실용/스포츠
62,9791161507200,S000202801381,New 미꽃체 손글씨 노트,16700.0,15030.0,최현미(미꽃),시원북스,20230627,2023,취미/실용/스포츠
63,9791160078992,S000201081405,손뜨개꽃길의 사계절 코바늘 플라워,22000.0,19800.0,박경조,한스미디어,20230228,2023,취미/실용/스포츠
64,9791197225833,S000201425204,유니버셜 웨이트 타로카드 북세트(한글판),32000.0,28800.0,유에스게임즈 외,운트,20230225,2023,취미/실용/스포츠
65,9788959529605,S000000900002,네모네모 로직 Plus: 고급편 1,12000.0,10800.0,제우미디어,제우미디어,20200918,2020,취미/실용/스포츠
66,9788959528967,S000000899988,네모네모 로직 Plus 1,12000.0,10800.0,제우미디어,제우미디어,20200520,2020,취미/실용/스포츠
67,9791196535049,S000001977637,스도쿠 2(중급/고급),7000.0,6300.0,수피아편집기획팀,수피아(supia),20190527,2019,취미/실용/스포츠
68,9788964898796,S000001012633,홀덤의 정석: 입문편,22000.0,19800.0,J. K. H.,생각나눔,20180814,2018,취미/실용/스포츠
69,9788964943236,S000001013139,멘사 스도쿠 프리미어 500,8800.0,7920.0,피터 고든 외,보누스,20180115,2018,취미/실용/스포츠
70,9788964942789,S000001013103,슈퍼 스도쿠 인피니티,7000.0,6300.0,마인드 게임,보누스,20170224,2017,취미/실용/스포츠
71,9788988060391,S000001391156,크툴루의 부름: 수호자 룰북,38000.0,34200.0,샌디 피터슨 외,초여명,20161130,2016,취미/실용/스포츠
72,9788988060261,S000001391143,피아스코,16000.0,14400.0,제이슨 모닝스타,초여명,20150228,2015,취미/실용/스포츠
73,9791143419354,S000221162183,2027 시대에듀 건강운동관리사 필기+실기 한권으로 끝내기,35000.0,31500.0,강명성 외,시대고시기획,20261008,2026,취미/실용/스포츠
74,9791143419361,S000221162191,2027 시대에듀 건강운동관리사 필기 7개년 기출문제집 한권으로 끝내기,30000.0,27000.0,김현규 외,시대고시기획,20261008,2026,취미/실용/스포츠
75,9788979294972,S000221373599,털몽치의 매일 들고 싶은 코바늘 가방,16800.0,15120.0,털몽치(장예윤),온밤,20261001,2026,취미/실용/스포츠
76,9791169780926,S000221063661,20262027 아스널 가이드북,18000.0,16200.0,이완우,브레인스토어,20260928,2026,취미/실용/스포츠
77,9788964980958,S000221364445,스포츠 근손상과 근골격계 초음파,95000.0,85500.0,정효준 외,신흥메드싸이언스,20260918,2026,취미/실용/스포츠
78,9791174578365,S000221354800,K코치와 함께 시작하는 인생 첫 러닝,20000.0,18000.0,케이만석,이담북스,20260918,2026,취미/실용/스포츠
79,9791122041408,S000221164722,쇼와인테리어스타일,28500.0,25650.0,그래픽샤 편집부,청담출판사,20260915,2026,취미/실용/스포츠
80,8809479180228,S000221358513,2027 맘마미아 가계부,12000.0,10800.0,맘마미아,진서원,20260915,2026,취미/실용/스포츠
81,9791198547330,S000219569744,KKF 독 피트니스 1,35000.0,31500.0,신덕호 외 11명,한국애견연맹,20260911,2026,취미/실용/스포츠
82,9791169780919,S000220871056,20262027 리버풀 가이드북,18000.0,16200.0,남윤성,브레인스토어,20260911,2026,취미/실용/스포츠
83,9788962065992,S000221109437,스포츠심리학의 정석,27000.0,24300.0,김병준,레인보우북스,20260901,2026,취미/실용/스포츠
84,9791167376732,S000220870305,러브 클로젯 연구실,22000.0,19800.0,맥시,은행나무,20260831,2026,취미/실용/스포츠
85,9791167376725,S000220870312,루시드 드림 연구실,22000.0,19800.0,맹수상점,은행나무,20260831,2026,취미/실용/스포츠
86,9791124272732,S000221048343,크로셰 훅 아웃!,33000.0,29700.0,몰라 밀스,한스미디어,20260828,2026,취미/실용/스포츠
87,9791169021258,S000221162963,매출 1위 트레이너의 초단기 성장 노하우 47가지,18000.0,16200.0,김영수,이새의나무,20260828,2026,취미/실용/스포츠
88,9791124392119,S000221144936,스도쿠(SUDOKU) 3,8500.0,7650.0,다온북스 편집부,다온북스,20260828,2026,취미/실용/스포츠
89,8809883770206,S000221031943,"2027 CALENDAR  적정, 고요를 마주하다(탁상용)(달력)",15000.0,13500.0,유동영,불광출판사,20260825,2026,취미/실용/스포츠
90,9791174577108,S000220859625,나무 의자,33000.0,29700.0,이경찬,크루,20260814,2026,취미/실용/스포츠
91,9791199485310,S000220844639,6개월 만에 싱글,13000.0,11700.0,김동민,미디어쉼,20260814,2026,취미/실용/스포츠
92,9791199701748,S000220701270,가장쉽게 파크골프,20000.0,18000.0,천은실,시리쌤,20260811,2026,취미/실용/스포츠
93,9791191895506,S000220694419,The 스도쿠 퍼즐(고급),4900.0,4410.0,스도쿠 크리에이터,랜딩북스,20260807,2026,취미/실용/스포츠
94,9791199358775,S000220499922,축구 연습 메뉴 200,20000.0,18000.0,스에모토 료타,삼호북스,20260710,2026,취미/실용/스포츠
95,9791124147023,S000220447987,강아지가 하는 말,17000.0,15300.0,릴리 친,책공장더불어,20260707,2026,취미/실용/스포츠
96,9791199290020,S000220454031,일본 게임의 역사: 비디오 게임 연대기 1972-2026,16800.0,15120.0,이와사키 히로마사,문예사학,20260701,2026,취미/실용/스포츠
97,9791168226067,S000220307639,더포스 현이쌤의 알짜 수영 레슨,22000.0,19800.0,이현이,서사원,20260630,2026,취미/실용/스포츠
98,9791167695284,S000220307609,지금 바로 쓸 수 있는 마작 테크닉 136,16000.0,14400.0,센바 쿠로노,길찾기,20260630,2026,취미/실용/스포츠
99,9791194793700,S000220049294,스포츠의학으로 읽는 목과 어깨,26000.0,23400.0,이동진,현익출판,20260622,2026,취미/실용/스포츠
100,9791192366692,S000220281327,진짜 기본 홈가드닝책,28000.0,25200.0,신선아,레시피팩토리,20260618,2026,취미/실용/스포츠
101,9791167184344,S000220273383,네모네모 로직 PLUS 13,12000.0,10800.0,제우미디어 편집부,제우미디어,20260618,2026,취미/실용/스포츠
102,9791176430272,S000220216659,희로애락이 담긴 축구의 도파민,22000.0,19800.0,허지훈,생각나눔,20260615,2026,취미/실용/스포츠
103,9791143412287,S000219570200,시대에듀 답만 외우는 동력수상레저기구 일반조종면허 1·2급(필기+실기) 문제은행 700제,21000.0,18900.0,동력수상레저기구연구소,시대고시기획,20260610,2026,취미/실용/스포츠
104,9788947502771,S000220101451,머드리 X 김교수 테니스 마스터 클래스,22000.0,19800.0,이형택 외,한국경제신문,20260528,2026,취미/실용/스포츠
105,9791194793632,S000219796842,스포츠의학이 쉬워지는 근육 구조 대백과,25000.0,22500.0,사카이 타쓰오,현익출판,20260520,2026,취미/실용/스포츠
106,9791124537008,S000220568874,버디 서스펜스 TRPG 둘이서 수사 기본 룰북,38000.0,38000.0,히라노 루이지 외,티알피지클럽(TRPG CLUB),20260501,2026,취미/실용/스포츠
107,9791194793595,S000219562813,가챠 도감,20000.0,18000.0,와타나베 카오리,모두의도감,20260415,2026,취미/실용/스포츠
108,9791190976398,S000219616033,틈만나면 곁에두고 풀어보는 낱말퍼즐: 역사편,6500.0,5850.0,큰그림 편집부,큰그림,20260413,2026,취미/실용/스포츠
109,9791124392034,S000219550509,SUDOKU 스도쿠 2,8500.0,7650.0,다온북스 편집부,다온북스,20260320,2026,취미/실용/스포츠
110,9791194110132,S000219509875,2026 프로야구 퍼펙트 가이드,28000.0,25200.0,이종진 외,책보람,20260319,2026,취미/실용/스포츠
111,9791169780773,S000219195896,2026 K리그 스카우팅리포트,27000.0,24300.0,윤진만 외,브레인스토어,20260313,2026,취미/실용/스포츠
112,9791188806805,S000219407725,풀의 정원,30000.0,27000.0,김장훈,목수책방,20260309,2026,취미/실용/스포츠
113,9791164461424,S000219240402,포지션으로 읽는 리그오브레전드,24000.0,21600.0,홍승표,가나북스,20260305,2026,취미/실용/스포츠
114,9791188731985,S000219337090,운동기능해부학,43000.0,43000.0,R. T. Floyd,사이플러스,20260302,2026,취미/실용/스포츠
115,9791167694812,S000219468950,마작 1년차 교과서,14000.0,12600.0,센바 쿠로노,길찾기,20260228,2026,취미/실용/스포츠
116,9788967443047,S000219302528,당신도 러너다,19000.0,17100.0,러너임바(유문진),에디터,20260227,2026,취미/실용/스포츠
117,9791191895452,S000219244093,The 한권의 스도쿠,7900.0,7110.0,스도쿠 크리에이터,랜딩북스,20260220,2026,취미/실용/스포츠
118,9791194278177,S000219199995,향수 수집가의 향조 노트,22000.0,19800.0,ISP,파이퍼프레스,20260216,2026,취미/실용/스포츠
119,9791143407054,S000219010774,방구석 가드너를 위한 실내 가드닝 & 플랜테리어,21000.0,18900.0,그린어스(백일홍),시대인,20260130,2026,취미/실용/스포츠
120,9788969656797,S000219026769,2026 해커스 스포츠지도사 수영 초단기 7일 합격 실기+구술,20000.0,18000.0,이현이,해커스자격증,20260127,2026,취미/실용/스포츠
121,9791185429298,S000219114959,오늘도 K-Dance 로그인 중입니다,20000.0,18000.0,이용희,나비꿈,20260125,2026,취미/실용/스포츠
122,9791139230406,S000219054062,머리로 배운 테니스,12000.0,10800.0,안준범 외,지식과감성,20260116,2026,취미/실용/스포츠
123,9788956491899,S000217276592,손뜨개 인형옷 만들기,22000.0,19800.0,송윤주,예신북스,20260115,2026,취미/실용/스포츠
124,9788962065879,S000219662368,스포츠와 신체활동의 이해: 역사와 철학의 탐구,25000.0,22500.0,R. Scott Kretchmar 외,레인보우북스,20260102,2026,취미/실용/스포츠
125,9791174910585,S000218789247,미니카 합체로봇 2 종이접기 델타 VS 데몬 뉴에디션,20000.0,18000.0,이지은 외,지식오름,20260102,2026,취미/실용/스포츠
126,9791172101541,S000218821403,시처럼 아름다운 가사 필사집,22000.0,19800.0,콜렉트,동양북스,20251224,2025,취미/실용/스포츠
127,9791194725312,S000218907064,방탈출 퍼즐북: 정탐정과 미스터리 실종 사건,19000.0,17100.0,정주영,한빛라이프,20251223,2025,취미/실용/스포츠
128,9788964947784,S000218778531,슈퍼 스도쿠 트레이닝 500문제 중급,9500.0,8550.0,이민석,보누스,20251222,2025,취미/실용/스포츠
129,9791185676852,S000218685566,뜨개 지혜 주머니,23000.0,20700.0,패티 라이언스,윌스타일(WILLSTYLE),20251220,2025,취미/실용/스포츠
130,9791167186133,S000218822709,네모네모 로직 Plus 12,12000.0,10800.0,제우미디어 기획팀,제우미디어,20251218,2025,취미/실용/스포츠
131,9791199528512,S000218790556,인형엄마의 인형만들기,16000.0,14400.0,엄정애,상상창작소봄,20251215,2025,취미/실용/스포츠
132,9791158464530,S000218639149,현진's 사각사각 손글씨,19800.0,17820.0,박현진,비타북스,20251201,2025,취미/실용/스포츠
133,9791138849845,S000218731246,빛을 알면 조명 인테리어가 쉬워진다,20000.0,18000.0,김태두,좋은땅,20251128,2025,취미/실용/스포츠
134,9791158251857,S000218673649,노노그램 네모로직 100,12000.0,10800.0,함께하는 놀이교실,브라운힐,20251126,2025,취미/실용/스포츠
135,9788962065817,S000218438486,스포츠윤리학 Sport Ethics,24000.0,21600.0,김정효,레인보우북스,20251110,2025,취미/실용/스포츠
136,9788969656759,S000218331837,2026 해커스 스포츠지도사 2급 필기 한권합격 이론+최신기출+핵심노트,33000.0,29700.0,안승기 외,해커스자격증,20251107,2025,취미/실용/스포츠
137,9791167185778,S000218204212,대바늘로 한 번에 뜨는 탑다운 니트,18800.0,16920.0,부티크사 편집부,제우미디어,20251022,2025,취미/실용/스포츠
138,9791194777533,S000218083854,코바늘로 뜨는 우아한 손뜨개 꽃,16800.0,15120.0,애플민트,한스미디어,20251013,2025,취미/실용/스포츠
139,9791191895421,S000217486175,The 모두의 스도쿠 No3,4900.0,4410.0,스도쿠 크리에이터,랜딩북스,20250925,2025,취미/실용/스포츠
140,9791191895414,S000217486173,The 모두의 스도쿠 No2,4900.0,4410.0,스도쿠 크리에이터,랜딩북스,20250912,2025,취미/실용/스포츠
141,9791194777489,S000217503343,Mouche & friends 대바늘 동물 친구들,28000.0,25200.0,신시아 발레,한스미디어,20250911,2025,취미/실용/스포츠
142,9791167852793,S000217403770,나는 반려견 훈련사입니다,16800.0,15120.0,신동석,설렘(SEOLREM),20250901,2025,취미/실용/스포츠
143,9791191853506,S000217326316,점잇기: 세계의 랜드마크 편,9900.0,8910.0,한백,단한권의책,20250831,2025,취미/실용/스포츠
144,9791190818391,S000216968115,탑스프링 스도쿠 초급·중급,8800.0,7920.0,브레이니 퍼즐 랩,시간과공간사,20250808,2025,취미/실용/스포츠
145,9791194456131,S000217187103,최신 운동영양학,28000.0,28000.0,한국운동영양학회,한미의학,20250801,2025,취미/실용/스포츠
146,9791194755333,S000217111039,이나피스퀘어 스티커북,32000.0,28800.0,이나피스퀘어,비에이블,20250730,2025,취미/실용/스포츠
147,9791189895167,S000217164460,테니스를 읽는 시간,15000.0,13500.0,김기범,소우주,20250730,2025,취미/실용/스포츠
148,9791155362372,S000217142137,귀엽고 사랑스러운 가방과 파우치 33,21000.0,18900.0,주부 재봉씨,즐거운상상,20250724,2025,취미/실용/스포츠
149,9788993784879,S000216950996,러너의 세계,25000.0,22500.0,론니 플래닛,인간희극,20250722,2025,취미/실용/스포츠
150,9791161505336,S000217097617,니팅쌤 코바늘 키링 야채 편,19800.0,17820.0,니팅쌤 신은영,시원북스,20250722,2025,취미/실용/스포츠
151,9791198645944,S000216968503,플라워 니팅,24000.0,21600.0,이부키 히로코,오롯한날,20250701,2025,취미/실용/스포츠
152,9791194777151,S000216858572,털실타래 Vol.12(2025년 여름호),24000.0,21600.0,일본 보그사,한스미디어,20250627,2025,취미/실용/스포츠
153,9791194777267,S000216841866,코바늘로 뜬 여름의 모양,22000.0,19800.0,몬순,한스미디어,20250620,2025,취미/실용/스포츠
154,9791188546640,S000217339121,시노비가미 유파북 사립 오토기 학원,20000.0,20000.0,카와시마 토이치로,티알피지클럽(TRPG CLUB),20250616,2025,취미/실용/스포츠
155,9791166475634,S000216805089,피클볼 완전정복,19800.0,19800.0,곽정희 외,한올출판사,20250615,2025,취미/실용/스포츠
156,9791155362341,S000216646677,매일 입고 싶은 잠옷,21000.0,18900.0,코다 아오이,즐거운상상,20250605,2025,취미/실용/스포츠
157,9791194591184,S000216421859,부케북: Happy Day,19800.0,17820.0,몰리 해치,더모던,20250530,2025,취미/실용/스포츠
158,9791194591214,S000216421915,부케북: Thinking of You,19800.0,17820.0,몰리 해치,더모던,20250530,2025,취미/실용/스포츠
159,9791198140746,S000216548905,코치를 위한 티칭 가이드,25000.0,22500.0,더그 레모브,코치라운드,20250520,2025,취미/실용/스포츠
160,9788964947470,S000216370438,멘사 아이큐 테스트 프리미엄,13000.0,11700.0,해럴드 게일 외,보누스,20250507,2025,취미/실용/스포츠
161,9791170488699,S000216362994,"야생야사의 흥함, 땀방울이 담긴 열매",17000.0,15300.0,허지훈,생각나눔,20250425,2025,취미/실용/스포츠
162,9791172109196,S000216249275,블루밍니트의 코바늘 플라워&키링,24000.0,21600.0,블루밍니트,동양북스,20250418,2025,취미/실용/스포츠
163,9791142313622,S000216250032,에브리 샷 카운트,25000.0,22500.0,마크 브로디,하빌리스,20250415,2025,취미/실용/스포츠
164,9791188806614,S000216170263,오가닉 가든 만들기 안내서,20000.0,18000.0,히키치 가든 서비스 외,목수책방,20250331,2025,취미/실용/스포츠
165,9791194219583,S000215970251,반려동물을 위한 허브-아로마테라피,30000.0,30000.0,유미나 외 외,학지사메디컬,20250310,2025,취미/실용/스포츠
166,9791188554850,S000215753593,michiyo의 4사이즈 니팅,16800.0,15120.0,michiyo,지금이책,20250220,2025,취미/실용/스포츠
167,9791191443325,S000214937228,작고 예쁜 크로셰 레이스 모티브 100,18000.0,16200.0,일본 보그사,북핀,20250120,2025,취미/실용/스포츠
168,9791170266907,S000215067627,케이블루의 러블리 헝겊 인형,22000.0,19800.0,김소영,팜파스,20241230,2024,취미/실용/스포츠
169,9791190021531,S000215028638,스포츠와 ESG 지속 가능한 가치와 미래,25000.0,22500.0,정인욱 외,DH미디어(양원석),20241227,2024,취미/실용/스포츠
170,9791141149017,S000214985335,설기 일러스튜디오: Cute Girl’s Closet,23000.0,20700.0,설기,학산문화사,20241225,2024,취미/실용/스포츠
171,9791141149024,S000214985334,박냠 일러스튜디오: Weekly Boys,23000.0,20700.0,박냠,학산문화사,20241225,2024,취미/실용/스포츠
172,9791172889456,S000214870143,오싹오싹 공포 괴담 스퀴시북,20000.0,18000.0,소워니놀이터,대원키즈,20241127,2024,취미/실용/스포츠
173,9791189375072,S000214644867,"꽃잎 하나, 마음 하나",22000.0,19800.0,전유리,아트인북,20241108,2024,취미/실용/스포츠
174,9791193926536,S000214597896,사계절을 담은 이케바나,19800.0,17820.0,홍세희,제이펍,20241105,2024,취미/실용/스포츠
175,9791130657974,S000214681584,마루는 강쥐 언제나 언니 옆에 있을게! 마루 애착 스티커북,16800.0,15120.0,모죠,다산북스,20241105,2024,취미/실용/스포츠
176,9788927813231,S000214761868,명탐정 코난 스티커북,22000.0,19800.0,아오야마 고쇼,중앙북스,20241028,2024,취미/실용/스포츠
177,9791190818292,S000214515202,브레인 온! 초급·중급,12200.0,10980.0,브레이니 퍼즐 랩,시간과공간사,20241025,2024,취미/실용/스포츠
178,9791190818308,S000214515205,브레인 온! 고급·특급,12200.0,10980.0,브레이니 퍼즐 랩,시간과공간사,20241025,2024,취미/실용/스포츠
179,9791192151908,S000214506071,하농 리카(HANON Licca),22000.0,19800.0,사토미 후지이,라의눈,20241010,2024,취미/실용/스포츠
180,9791188949670,S000214124132,만년필 탐심,22000.0,19800.0,박종진,틈새책방,20240831,2024,취미/실용/스포츠
181,9791188546510,S000214094305,청춘 밴드 TRPG 스트라토 샤우트,18000.0,18000.0,후루마치 미유키,티알피지클럽(TRPG CLUB),20240830,2024,취미/실용/스포츠
182,9791192366395,S000213800092,진짜 기본 청소책,21000.0,18900.0,두룸 정두미,레시피팩토리,20240718,2024,취미/실용/스포츠
183,9791166474606,S000213659816,스포츠 진로 찾기,23800.0,21420.0,임성철 외,한올출판사,20240710,2024,취미/실용/스포츠
184,9791198762900,S000213544722,발레 바 워크 핸드북,22000.0,19800.0,시마다 사토시,북피움,20240708,2024,취미/실용/스포츠
185,9788960306318,S000213416254,4주 완성 골프 가이드,20000.0,18000.0,김정락,황금부엉이,20240619,2024,취미/실용/스포츠
186,9791190631853,S000213107026,발레의 용어와 기술,30000.0,27000.0,서수민,우물이있는집,20240515,2024,취미/실용/스포츠
187,9791188554805,S000213246830,프랑스 자수로 만드는 식물도감,16800.0,15120.0,샤를렌 푸리아스,지금이책,20240515,2024,취미/실용/스포츠
188,9791193712252,S000212999806,쉽게 배우는 뜨개 도안의 기초,20000.0,18000.0,일본 보그사,한스미디어,20240418,2024,취미/실용/스포츠
1,9791140719914,S000220662769,클로드 코드 제대로 시작하기,32000.0,28800.0,주홍철 외,길벗,20260805,2026,컴퓨터/IT
2,9791158396510,S000218736039,2026 이지패스 ADsP 데이터분석 준전문가,30000.0,27000.0,박현민 외,위키북스,20260102,2026,컴퓨터/IT
3,9791124373071,S000220363675,챗GPT · 제미나이 · 클로드까지 모두를 위한 AI,22000.0,19800.0,지현이(디지털거북이),시프트,20260730,2026,컴퓨터/IT
4,9791174911612,S000221031921,기술노트,33000.0,29700.0,기술노트 알렉,지식오름,20260905,2026,컴퓨터/IT
5,9791199551039,S000218853684,2026 수제비 정보처리기사 실기 기본서,40000.0,36000.0,윤영빈 외,수제비출판사,20260105,2026,컴퓨터/IT
6,9788988474914,S000212021705,SQL 자격검정 실전문제,18000.0,18000.0,한국데이터산업진흥원,한국데이터산업진흥원,20231229,2023,컴퓨터/IT
7,9791199730137,S000220042183,2026 수제비 정보처리기사 실기 Final 모의고사,34000.0,30600.0,윤영빈 외,수제비출판사,20260615,2026,컴퓨터/IT
8,9791124516133,S000219916961,"바로바로 클로드 with 코워크, 스킬, 클로드 코드, 디자인",28000.0,25200.0,차진우,골든래빗(주),20260520,2026,컴퓨터/IT
9,9788931483215,S000220843869,2027 이기적 컴퓨터활용능력 2급 필기+실기 올인원,27000.0,24300.0,홍태성 외,영진닷컴,20260920,2026,컴퓨터/IT
10,9791140717507,S000219186294,2026 시나공 정보처리기사 실기 기본서,40000.0,36000.0,길벗알앤디 외,길벗,20260227,2026,컴퓨터/IT
11,9791140716647,S000218499838,2026 시나공 컴퓨터활용능력 2급 필기 기출문제집,13000.0,11700.0,길벗알앤디,길벗,20260105,2026,컴퓨터/IT
12,9791140715886,S000218090666,2026 한 권으로 끝내는 시나공 컴활 2급 필기+실기,27000.0,24300.0,길벗알앤디,길벗,20251015,2025,컴퓨터/IT
13,9791140716630,S000218498075,2026 시나공 컴퓨터활용능력 1급 필기 기출문제집,17000.0,15300.0,길벗알앤디,길벗,20260105,2026,컴퓨터/IT
14,9791193672389,S000218846417,2026 ADsP 데이터분석 준전문가,31000.0,27900.0,윤종식,데이터에듀,20251226,2025,컴퓨터/IT
15,9791140715879,S000218090665,2026 한 권으로 끝내는 시나공 컴활 1급 필기+실기,40000.0,36000.0,길벗알앤디,길벗,20251015,2025,컴퓨터/IT
16,9788965404460,S000220589344,압도적 스킬로 바로 쓰는 클로드 코워크×AI 자동화,28000.0,25200.0,강다솔 외,프리렉,20260730,2026,컴퓨터/IT
17,9791199529847,S000218728879,혼자 공부하는 바이브 코딩 with 클로드 코드,30000.0,27000.0,조태호,한빛미디어,20251216,2025,컴퓨터/IT
18,9791124516492,S000220806536,"요즘 AI 루프 엔지니어링, 클로드 코드, 스킬, MCP, 훅, 컨텍스트, 하네스, 리뷰, 오케스트레이션, LLMOps, Langfuse",34000.0,30600.0,박승규,골든래빗(주),20260902,2026,컴퓨터/IT
19,9788960885134,S000220000024,일 잘하는 직장인의 AI 활용법,22000.0,19800.0,김덕중 외,디지털북스,20260601,2026,컴퓨터/IT
20,9788931482980,S000220048974,2027 이기적 AI-POT AI 프롬프트활용능력 1급 기본서,30000.0,27000.0,김영진,영진닷컴,20260626,2026,컴퓨터/IT
21,9791140718443,S000219615760,2026 시나공 빅데이터분석기사 실기 Python,32000.0,28800.0,김태헌,길벗,20260330,2026,컴퓨터/IT
22,9791140717934,S000219436120,2026 시나공 정보처리기사 실기 총정리,33000.0,29700.0,길벗알앤디,길벗,20260323,2026,컴퓨터/IT
23,9791158396589,S000218962409,이지패스 2026 SQLD SQL 개발자,26000.0,23400.0,전용문,위키북스,20260116,2026,컴퓨터/IT
24,9791124516539,S000221179951,2027 빠르게 따는 빅데이터분석기사 실기 Python,32000.0,28800.0,조영훈 외,골든래빗(주),20260914,2026,컴퓨터/IT
25,9791175790964,S000221145132,AI 시스템 설계,33000.0,29700.0,이한울,한빛미디어,20260907,2026,컴퓨터/IT
26,9791163038863,S000220564212,된다! 하루 만에 끝내는 제미나이 활용법,21000.0,18900.0,권서림,이지스퍼블리싱,20260901,2026,컴퓨터/IT
27,9791140717491,S000219055682,2026 시나공 정보처리기사 실기 기출문제집,23000.0,20700.0,길벗알앤디,길벗,20260209,2026,컴퓨터/IT
28,9791140715923,S000217576068,요즘 개발자를 위한 시스템 설계 수업,35000.0,31500.0,디렌드라 신하 외,길벗,20250926,2025,컴퓨터/IT
29,9791156002390,S000214737985,나도하는 도전 파이썬 코딩,24000.0,24000.0,류춘하 외,홍릉,20241113,2024,컴퓨터/IT
30,9791124205846,S000221073920,바이브 코딩: 프로덕션의 원칙,30000.0,27000.0,진 킴 외,제이펍,20260903,2026,컴퓨터/IT
31,9788947503167,S000221074602,AI와 일하는 기술,30000.0,27000.0,최정혜 외,한국경제신문,20260831,2026,컴퓨터/IT
32,9791140719884,S000220665095,2027 시나공 컴퓨터활용능력 2급 실기 기본서,24000.0,21600.0,길벗알앤디,길벗,20260824,2026,컴퓨터/IT
33,9791140719457,S000220308524,2027 한 권으로 끝내는 시나공 SQLD,26000.0,23400.0,서동재,길벗,20260713,2026,컴퓨터/IT
34,9788931482973,S000220049027,2027 이기적 AI-POT AI 프롬프트활용능력 2급 기본서,30000.0,27000.0,김영진,영진닷컴,20260612,2026,컴퓨터/IT
35,9788931480351,S000219080998,2026 이기적 프로그래밍기능사 실기 기본서,21000.0,18900.0,임승현,영진닷컴,20260220,2026,컴퓨터/IT
36,9788966113422,S000219083573,2026 알기사 정보보안기사(산업기사) 실기,46000.0,41400.0,정일영,지안에듀,20260130,2026,컴퓨터/IT
37,9791174040862,S000218676405,2026 해커스 전산회계 2급 2주 합격 이론+실무+최신기출 15회분+무료특강,24000.0,21600.0,이남호,해커스금융,20260102,2026,컴퓨터/IT
38,9791191600704,S000001952241,진짜 쓰는 실무 엑셀,21000.0,18900.0,오빠두(전진권),제이펍,20220215,2022,컴퓨터/IT
39,9788931483000,S000221283484,2027 이기적 SQLD SQL 개발자 이론+기출문제,25000.0,22500.0,강태우,영진닷컴,20261012,2026,컴퓨터/IT
40,9788931480399,S000221145000,2027 이기적 정보처리기사 실기 최신문제집 2주 패스,22000.0,19800.0,한진만 외,영진닷컴,20260918,2026,컴퓨터/IT
41,9788931483628,S000221031949,2027 이기적 워드프로세서 필기+실기 올인원,30000.0,27000.0,김옥남 외,영진닷컴,20260914,2026,컴퓨터/IT
42,9791196241650,S000221168707,제로부터 시작하는 인문학 AI 실습,22000.0,19800.0,김유영,브라운출판사,20260914,2026,컴퓨터/IT
43,9788931484274,S000220843781,"클로드 역대급 활용법 with 코워크, 디자인, 코드, 스킬, 커넥터, 플러그인",28000.0,25200.0,진한별,영진닷컴,20260821,2026,컴퓨터/IT
44,9791175790926,S000220774700,AI 프로덕트 매니지먼트,26000.0,23400.0,김영욱,한빛미디어,20260810,2026,컴퓨터/IT
45,9791194116240,S000220648919,"하루 10분, AI 동영상 제작하기",22000.0,19800.0,최창희(스토리위너코치),리얼북스,20260801,2026,컴퓨터/IT
46,9791175790810,S000220576144,클로드 에이전트 협업의 기술,30000.0,27000.0,김승권,한빛미디어,20260727,2026,컴퓨터/IT
47,9791175790599,S000220048885,하네스 엔지니어링 with 클로드 코드,30000.0,27000.0,황민호,한빛미디어,20260611,2026,컴퓨터/IT
48,9791176440561,S000219811055,2026 해커스 전산세무 2급 한권합격 이론+실무+최신기출 12회분+무료특강,32000.0,28800.0,이남호,해커스금융,20260427,2026,컴퓨터/IT
49,9791140717514,S000219186331,2026 시나공 정보처리산업기사 실기 기본서,33000.0,29700.0,길벗알앤디 외,길벗,20260227,2026,컴퓨터/IT
50,9791175790131,S000219002818,AI 에이전트 엔지니어링,32000.0,28800.0,마이클 알바다,한빛미디어,20260123,2026,컴퓨터/IT
51,9791193666425,S000218933739,2026 흥달쌤의 정보처리기사 실기 세트,40000.0,36000.0,이흥직,에듀콕스,20260115,2026,컴퓨터/IT
52,9791193747094,S000218822223,2026 아이리포 SQL 개발자 SQLD 모든 것,26000.0,23400.0,조용학,아이리포,20260102,2026,컴퓨터/IT
53,9791169213745,S000216376461,주니어 백엔드 개발자가 반드시 알아야 할 실무 지식,28000.0,25200.0,최범균,한빛미디어,20250428,2025,컴퓨터/IT
54,9791169213608,S000216111334,혼자 공부하는 머신러닝+딥러닝,32000.0,28800.0,박해선,한빛미디어,20250407,2025,컴퓨터/IT
55,9791169212144,S000212911507,혼자 공부하는 네트워크,28000.0,25200.0,강민철,한빛미디어,20240412,2024,컴퓨터/IT
56,9791169211475,S000208981368,핸즈온 머신러닝,60000.0,54000.0,오렐리앙 제롱,한빛미디어,20230929,2023,컴퓨터/IT
57,9788966263158,S000001033116,가상 면접 사례로 배우는 대규모 시스템 설계 기초,24000.0,21600.0,알렉스 쉬,인사이트,20210728,2021,컴퓨터/IT
58,9791156645443,S000001743820,정보보안개론,30000.0,30000.0,양대일,한빛아카데미,20210630,2021,컴퓨터/IT
59,9791124373163,S000221251716,네이버 블로그 노출·수익화 전략으로 돈이 되는 블로그 운영하기,22000.0,19800.0,아임플래너(황정희),시프트,20261006,2026,컴퓨터/IT
60,9791124205907,S000221268726,지속 가능한 일러스트레이터,22000.0,19800.0,정은지,제이펍,20260923,2026,컴퓨터/IT
61,9791194630944,S000221282112,바이브 코딩 주식 자동매매 with 파이썬,26000.0,23400.0,천인국 외,생능북스,20260922,2026,컴퓨터/IT
62,9788931483222,S000221048140,2027 이기적 컴퓨터활용능력 1급 필기+실기 올인원,40000.0,36000.0,홍태성 외,영진닷컴,20260921,2026,컴퓨터/IT
63,9788966265527,S000221234634,클린 코드,45000.0,40500.0,로버트 C. 마틴,인사이트,20260917,2026,컴퓨터/IT
64,9791175790872,S000221178822,요즘 교사를 위한 웹앱 만들기 with 바이브 코딩,22000.0,19800.0,이상선 외,한빛미디어,20260910,2026,컴퓨터/IT
65,9791124205853,S000221048420,직장인을 위한 AI 에이전트 클로드 코워크,25000.0,22500.0,케이트리,제이펍,20260903,2026,컴퓨터/IT
66,9791175790957,S000220996795,밑바닥부터 시작하는 딥러닝 6,35000.0,31500.0,사이토 고키,한빛미디어,20260831,2026,컴퓨터/IT
67,9788927775980,S000221108496,2027 원큐패스 개인정보관리사 CPPG,38000.0,34200.0,김창중,다락원,20260825,2026,컴퓨터/IT
68,9791140719860,S000220844544,2027 시나공 워드프로세서 실기 기본서 (ver.한글2022),20000.0,18000.0,길벗알앤디,길벗,20260824,2026,컴퓨터/IT
69,9791140720132,S000220929338,개발자가 문서 작성도 잘해야 하나요?,22000.0,19800.0,나카타 나오히로,길벗,20260820,2026,컴퓨터/IT
70,9791163038870,S000220694962,된다! 교사를 위한 에듀테크 바이브 코딩 수업 활용법,21000.0,18900.0,최우현,이지스퍼블리싱,20260820,2026,컴퓨터/IT
71,9791189028619,S000220939783,뚝딱 바로 써먹는 AI 실무 엑셀 : 챗GPT · 제미나이 · 코파일럿,23000.0,20700.0,주보연,안경다리북스,20260818,2026,컴퓨터/IT
72,9791193205969,S000220575639,SUNO(수노AI)로 무엇이든 만들 수 있다,18000.0,16200.0,김민구 외,광문각출판미디어,20260810,2026,컴퓨터/IT
73,9791140719969,S000220844453,말하는 대로 완성되는 첫 바이브 코딩 무작정 따라하기,18000.0,16200.0,성하준 외,길벗,20260810,2026,컴퓨터/IT
74,9788965404446,S000220564240,AI 대세전환 노션Notion X AI 압도적 업무 생산성,28000.0,25200.0,지니언트,프리렉,20260724,2026,컴퓨터/IT
75,9791140719556,S000220514686,AI 영상 제작,27000.0,24300.0,문수민 외,길벗,20260715,2026,컴퓨터/IT
76,9791124516379,S000220354895,돈이 되네? 주문과 매출이 동시에 터지는 스마트스토어+쿠팡,25800.0,23220.0,김경은(단아쌤),골든래빗(주),20260707,2026,컴퓨터/IT
77,9791140719242,S000220340265,그림으로 이해하는 IT 인프라 구조와 기술,22000.0,19800.0,츠루나가 신이치 외,길벗,20260630,2026,컴퓨터/IT
78,9791136042934,S000220120124,2026 에듀윌 전산세무 1급 한권끝장 이론+실무+최신기출+무료특강,38000.0,34200.0,박진혁,에듀윌,20260604,2026,컴퓨터/IT
79,9791173400636,S000220095109,데이터 과학을 위한 기초수학 with 파이썬,28000.0,28000.0,이병준,한빛아카데미,20260526,2026,컴퓨터/IT
80,9791194695462,S000220004015,2026 세무사 남정선의 전산세무 2급 이론+실무+최신기출+100% 무료강의,33000.0,29700.0,남정선 외,직업상점,20260520,2026,컴퓨터/IT
81,9791127426996,S000219655659,코지마 히데오의 게임론,21800.0,19620.0,브라이언 히카리 하츠하임,AK TRVIA BOOK,20260410,2026,컴퓨터/IT
82,9791175790407,S000219545154,한눈에 보는 AI 반도체 산업,26000.0,23400.0,MrTrigger,한빛미디어,20260331,2026,컴퓨터/IT
83,9791175790421,S000219524044,"클로드 코워크 with 스킬, 플러그인",26000.0,23400.0,클리커 외,한빛미디어,20260330,2026,컴퓨터/IT
84,9791175790261,S000219519076,요즘 교사를 위한 에듀테크 수업 활용 가이드 with 2022 개정 교육과정,24000.0,21600.0,박진환 외,한빛미디어,20260319,2026,컴퓨터/IT
85,9791140717446,S000219019970,2026 시나공 프로그래밍기능사 실기 기본서,21000.0,18900.0,길벗알앤디,길벗,20260202,2026,컴퓨터/IT
86,9791194695370,S000219189904,2026 혜원장의 전산회계 1급 이론+실무+기출+100% 무료강의,32000.0,28800.0,이혜원(혜원장),직업상점,20260201,2026,컴퓨터/IT
87,9791198776259,S000218961344,2026 퀵패스 AI-POT AI 프롬프트 활용능력 2급,29300.0,26370.0,김유성 외,퀵패스,20260119,2026,컴퓨터/IT
88,9791140716142,S000218197628,2026 시나공 정보처리기사 필기 기본서,35000.0,31500.0,길벗알앤디,길벗,20251124,2025,컴퓨터/IT
89,9791194630197,S000218564769,인공지능 시대의 이산수학,33000.0,29700.0,김대수 외,생능출판,20251124,2025,컴퓨터/IT
90,9791169214278,S000217939673,AI 엔지니어링,40000.0,36000.0,칩 후옌,한빛미디어,20250930,2025,컴퓨터/IT
91,9791194383437,S000217347037,요즘 바이브 코딩 클로드 코드 완벽 가이드,24000.0,21600.0,최지호(코드팩토리),골든래빗(주),20250901,2025,컴퓨터/IT
92,9788931479355,S000217281540,2026 이기적 컴퓨터활용능력 1급 필기+실기 올인원,40000.0,36000.0,홍태성 외,영진닷컴,20250829,2025,컴퓨터/IT
93,9791173400315,S000216971794,최신 컴퓨터 구조,32000.0,32000.0,임석구 외,한빛아카데미,20250704,2025,컴퓨터/IT
94,9791169213387,S000215599933,밑바닥부터 시작하는 딥러닝 1(리마스터판),26000.0,23400.0,사이토 고키,한빛미디어,20250124,2025,컴퓨터/IT
95,9791169212298,S000212853100,이것이 자바다,38000.0,34200.0,신용권 외,한빛미디어,20240401,2024,컴퓨터/IT
96,9791192932521,S000211901297,매트랩 프로그래밍,33000.0,33000.0,임석진,생능출판,20240117,2024,컴퓨터/IT
97,9791169210911,S000202252289,혼자 공부하는 C 언어,26000.0,23400.0,서현우,한빛미디어,20230518,2023,컴퓨터/IT
98,9791162243091,S000061584886,혼자 공부하는 컴퓨터 구조+운영체제,28000.0,25200.0,강민철,한빛미디어,20220816,2022,컴퓨터/IT
99,9791196918033,S000001981866,비전공자를 위한 이해할 수 있는 IT 지식,16800.0,15120.0,최원영,티더블유아이지,20200714,2020,컴퓨터/IT
100,9791132102229,S000001693753,이산수학(Rosen의),38000.0,38000.0,Kenneth H. Rosen,McGraw-Hill Education,20190823,2019,컴퓨터/IT
101,9791188314027,S000001912961,도널드 노먼의 UX 디자인 특강,26000.0,23400.0,도널드 노먼,유엑스리뷰(UX REVIEW),20180405,2018,컴퓨터/IT
102,9788966260577,S000001032948,린 스타트업,18000.0,16200.0,에릭 리스,인사이트,20121112,2012,컴퓨터/IT
103,9791140720613,S000221329726,케라스 창시자에게 배우는 딥러닝,48000.0,43200.0,프랑소와 숄레 외,길벗,20260930,2026,컴퓨터/IT
104,9791140720576,S000221261637,요즘 개발자를 위한 AWS 비용 최적화,30000.0,27000.0,박정빈 외,길벗,20260929,2026,컴퓨터/IT
105,9791186573907,S000221189763,나이아가라 VFX,48000.0,43200.0,김성준,비엘북스,20260926,2026,컴퓨터/IT
106,9791163039068,S000221337772,Do it! 바이브 코딩 + 클로드 코드,30000.0,27000.0,고경희,이지스퍼블리싱,20260920,2026,컴퓨터/IT
107,9791193732410,S000221061990,연봉 2배 AI 업무술,28000.0,25200.0,문병용,진서원,20260915,2026,컴퓨터/IT
108,9791163038979,S000220789124,된다! 7일 실무 엑셀,22000.0,19800.0,한정희,이지스퍼블리싱,20260915,2026,컴퓨터/IT
109,9788960309258,S000221189858,"5분 컷, 미친 효율 AI 프롬프트",22000.0,19800.0,송진주,황금부엉이,20260902,2026,컴퓨터/IT
110,9788966113828,S000221031780,2027 달~달~ 외우는 조현준 정보보호론 달달노트,19000.0,17100.0,조현준,지안에듀,20260901,2026,컴퓨터/IT
111,9788931482997,S000220716727,2027 이기적 ADsP 데이터분석 준전문가 이론+기출문제,25000.0,22500.0,임경덕,영진닷컴,20260821,2026,컴퓨터/IT
112,9788931482744,S000220663868,2027 이기적 빅데이터분석기사 필기 기본서,33000.0,29700.0,이혜영 외,영진닷컴,20260820,2026,컴퓨터/IT
113,9791194084471,S000220783191,이런 거야 클로드 데스크톱,22000.0,19800.0,이호준,리코멘드,20260820,2026,컴퓨터/IT
114,9791175790896,S000220704263,누구나 아는 나만 모르는 클로드,20000.0,18000.0,누나IT(이성원),한빛미디어,20260814,2026,컴퓨터/IT
115,9791194630906,S000220663222,AIoT를 위한 명품 라즈베리파이(개정판),32000.0,32000.0,황기태 외,생능출판,20260803,2026,컴퓨터/IT
116,9788931482393,S000220516783,2027 이기적 ITQ OA Master 엑셀 파워포인트 ver.2021 한글 ver. 2022 올인원,30000.0,27000.0,영진정보연구소,영진닷컴,20260730,2026,컴퓨터/IT
117,9788960885189,S000220457617,다빈치리졸브 색보정,22000.0,19800.0,전수연,디지털북스,20260715,2026,컴퓨터/IT
118,9791176491907,S000220350720,생성형 AI 치트키,22000.0,19800.0,장미희,박문각,20260715,2026,컴퓨터/IT
119,9791124516430,S000220363628,슬기로운 교사 생활 캔바 AI 수업 활용법,23800.0,21420.0,미나리쌤,골든래빗(주),20260710,2026,컴퓨터/IT
120,9788931480368,S000220308265,2027 이기적 정보처리산업기사 실기 기본서,32000.0,28800.0,고소현 외,영진닷컴,20260709,2026,컴퓨터/IT
121,9791124516331,S000220363300,2027 빠르게 따는 AICE ASSOCIATE,35000.0,31500.0,조영훈 외,골든래빗(주),20260706,2026,컴퓨터/IT
122,9788960885158,S000220211588,처음이지만 프로처럼 쓰는 n8n,33000.0,29700.0,곽지호(Dante),디지털북스,20260622,2026,컴퓨터/IT
123,9791124516232,S000220240746,"2027 빠르게 따는 리눅스마스터 2급(1, 2차)",28000.0,25200.0,권대우,골든래빗(주),20260622,2026,컴퓨터/IT
124,9791189028589,S000220293044,뚝딱 바로 써먹는 AI 3대장: 챗GPT · 제미나이 · 클로드,22000.0,19800.0,코리아교육그룹,안경다리북스,20260622,2026,컴퓨터/IT
125,9791163038726,S000220161376,Do it! 오토캐드 2027 + AI,31000.0,27900.0,박한울,이지스퍼블리싱,20260619,2026,컴퓨터/IT
126,9791140719174,S000220220936,AI 시대에 개발자가 알아야 할 인프라 구성 배포 with 클로드 코드,24000.0,21600.0,조훈,길벗,20260619,2026,컴퓨터/IT
127,9791193229484,S000220209296,AI 에이전트 실행 세계 1: 원리편,30000.0,27000.0,조쉬(이주환),로드북,20260617,2026,컴퓨터/IT
128,9791175790698,S000220340251,피지컬 AI 시스템 설계,30000.0,27000.0,엥지유니버스,한빛미디어,20260617,2026,컴퓨터/IT
129,9791124205532,S000220154112,진짜 쓰는 프리미어 영상 편집(2026),26000.0,23400.0,조블리(조애리),제이펍,20260611,2026,컴퓨터/IT
130,9791163038573,S000219997033,된다! 스레드 활용법,22000.0,19800.0,거북이걸음,이지스퍼블리싱,20260601,2026,컴퓨터/IT
131,9791124309070,S000220036708,"다시, 소프트웨어 엔지니어",30000.0,27000.0,네서니얼 슈타 외,책만,20260529,2026,컴퓨터/IT
132,9788965404422,S000220004671,교사를 위한 AI 에듀테크 수업·생활·업무 대백과,27000.0,24300.0,송해남 외,프리렉,20260527,2026,컴퓨터/IT
133,9791175790445,S000219973671,요즘 교사를 위한 AI 바이브 코딩 활용 가이드 with 2022 개정 교육과정,22000.0,19800.0,공지훈 외,한빛미디어,20260526,2026,컴퓨터/IT
134,9791194084402,S000220003827,AI 시대 사수 없는 마케터의 질문 수업,22000.0,19800.0,이효정,리코멘드,20260525,2026,컴퓨터/IT
135,9791163038504,S000219796225,된다! 캡컷 영상 편집,22000.0,19800.0,지민이,이지스퍼블리싱,20260506,2026,컴퓨터/IT
136,9791175790452,S000219786427,만들면서 배우는 AI 에이전트 개발 입문+실전,37000.0,33300.0,박나연(공원나연),한빛미디어,20260501,2026,컴퓨터/IT
137,9791194687979,S000219801640,AI시대에 난생처음 들어보는 데이터센터 이야기,22000.0,19800.0,김주회,북플레이트,20260430,2026,컴퓨터/IT
138,9791175790438,S000219616275,n8n이 다 해줌,28000.0,25200.0,이인영 외,한빛미디어,20260425,2026,컴퓨터/IT
139,9791175790513,S000219725328,클로드 코드 마스터,36000.0,32400.0,이남희 외,한빛미디어,20260424,2026,컴퓨터/IT
140,9791163038306,S000219348198,된다! 조회수 터지는 인스타그램 릴스 만들기,21000.0,18900.0,최지영,이지스퍼블리싱,20260313,2026,컴퓨터/IT
141,9788966265213,S000219386206,가상 면접 사례로 배우는 생성형 AI 서비스 설계,34000.0,30600.0,알리 아미니안 외,인사이트,20260312,2026,컴퓨터/IT
142,9791140717781,S000219336651,이펙티브 파이썬,42000.0,37800.0,브렛 슬라킨,길벗,20260227,2026,컴퓨터/IT
143,9791175790186,S000219304666,맛있는 디자인 피그마 with AI,28000.0,25200.0,이영주,한빛미디어,20260227,2026,컴퓨터/IT
144,9788931481433,S000219249581,2026 이기적 경영정보시각화능력 필기 기본서,33000.0,29700.0,인천대 비즈니스데이터센터 외,영진닷컴,20260223,2026,컴퓨터/IT
145,9791194383772,S000219058596,코덱스 완벽 가이드,28000.0,25200.0,윤재원(단테),골든래빗(주),20260213,2026,컴퓨터/IT
146,9791136040596,S000218965390,2026 에듀윌 SQLD SQL 개발자 2주끝장+무료특강,24000.0,21600.0,김남규,에듀윌,20260211,2026,컴퓨터/IT
147,9791194383796,S000219142807,이게 되네? 제미나이 완전 미친 활용법 81제,24000.0,21600.0,오힘찬,골든래빗(주),20260210,2026,컴퓨터/IT
148,9788931481402,S000218968390,2026 이기적 리눅스마스터 1급(1·2차) 기본서 세트,38000.0,34200.0,김윤수 외,영진닷컴,20260130,2026,컴퓨터/IT
149,9791198776266,S000218961160,2026 퀵패스 AI-POT AI 프롬프트 활용능력 1급,30000.0,27000.0,AI 프롬프트 활용능력 연구소 외,퀵패스,20260119,2026,컴퓨터/IT
150,9791136040909,S000219018478,2026 에듀윌 전산회계 1급 2주끝장,28000.0,25200.0,김성수,에듀윌,20260116,2026,컴퓨터/IT
151,9791136040121,S000218881748,2026 에듀윌 ADsP 데이터분석 준전문가 2주끝장,28000.0,25200.0,윤소영,에듀윌,20260111,2026,컴퓨터/IT
152,9791198347091,S000218365608,구글 스프레드시트 실전 가이드북,22000.0,19800.0,김동호 외,씨마스21,20260105,2026,컴퓨터/IT
153,9791174040916,S000218797359,2026 해커스 전산회계 1급 3주 합격 이론+실무+최신기출 12회분+무료특강,31000.0,27900.0,이남호,해커스금융,20260102,2026,컴퓨터/IT
154,9788931480320,S000218315406,2026 이기적 CPPG 개인정보관리사 기본서,38000.0,34200.0,이제이 외,영진닷컴,20251103,2025,컴퓨터/IT
155,9791169214346,S000218186158,스레드 운영법,20000.0,18000.0,이동영,한빛미디어,20251024,2025,컴퓨터/IT
156,9791169214117,S000217281595,회사에서 바로 통하는 실무 엑셀 파워포인트 워드&한글,27000.0,24300.0,전미진 외,한빛미디어,20250819,2025,컴퓨터/IT
157,9791140715312,S000217286219,AI 영상×미드저니·런웨이·소라·클링·하이루오,26000.0,23400.0,안재홍,길벗,20250813,2025,컴퓨터/IT
158,9791140715091,S000217153329,2026 시나공 컴퓨터활용능력 1급 필기 총정리,22000.0,19800.0,길벗알앤디,길벗,20250804,2025,컴퓨터/IT
159,9788931480092,S000216885310,2026 이기적 컴퓨터활용능력 2급 실기 기본서,23000.0,20700.0,박윤정,영진닷컴,20250720,2025,컴퓨터/IT
160,9791173400209,S000217098802,쉽게 배우는 운영체제,33000.0,33000.0,조성호,한빛아카데미,20250718,2025,컴퓨터/IT
161,9791140713707,S000216830196,2026 시나공 워드프로세서 필기 기본서,21000.0,18900.0,길벗알앤디,길벗,20250616,2025,컴퓨터/IT
162,9791163037057,S000216406434,Do it! LLM을 활용한 AI 에이전트 개발 입문,35000.0,31500.0,이성용,이지스퍼블리싱,20250509,2025,컴퓨터/IT
163,9791165712242,S000215653507,파포 2021 작품만들기,14000.0,12600.0,해람북스 기획팀,해람북스(구 북스홀릭),20250210,2025,컴퓨터/IT
164,9791192932941,S000214914086,컴퓨터구조론,31000.0,31000.0,김종현,생능출판,20241213,2024,컴퓨터/IT
165,9791172243579,S000214577766,규칙으로 배우는 임베디드 시스템: CPU 이론 및 펌웨어 개발 규칙,20000.0,18000.0,장선웅,북랩,20241023,2024,컴퓨터/IT
166,9791169212960,S000214507043,밑바닥부터 시작하는 딥러닝 5,33000.0,29700.0,사이토 고키,한빛미디어,20241015,2024,컴퓨터/IT
167,9788966264414,S000213057051,JVM 밑바닥까지 파헤치기,43000.0,38700.0,저우즈밍,인사이트,20240430,2024,컴퓨터/IT
168,9791158395025,S000212653041,도메인 스토리텔링,28000.0,25200.0,스테판 호퍼 외,위키북스,20240312,2024,컴퓨터/IT
169,9788966264353,S000212266758,가상 면접 사례로 배우는 머신러닝 시스템 설계 기초,27000.0,24300.0,알리 아미니안 외,인사이트,20240223,2024,컴퓨터/IT
170,9788966264285,S000211648247,CODE,35000.0,31500.0,찰스 펫졸드,인사이트,20231222,2023,컴퓨터/IT
171,9791192932347,S000211352934,따라하며 배우는 파이썬과 데이터 과학,29000.0,29000.0,천인국 외,생능출판,20231120,2023,컴퓨터/IT
172,9791163034735,S000202532365,Do it! 점프 투 파이썬,22000.0,19800.0,박응용,이지스퍼블리싱,20230615,2023,컴퓨터/IT
173,9791169211130,S000202595362,프로덕트 매니지먼트,23000.0,20700.0,김영욱,한빛미디어,20230608,2023,컴퓨터/IT
174,9791169210850,S000201212403,머신러닝 시스템 설계,38000.0,34200.0,칩 후옌,한빛미디어,20230313,2023,컴퓨터/IT
175,9791165219529,S000001834833,면접을 위한 CS 전공지식 노트,24000.0,21600.0,주홍철,길벗,20220428,2022,컴퓨터/IT
176,9791191198171,S000001949035,"정보영재원 대비 문제집 SW, 로봇(중등 초6~중2)",28000.0,25200.0,최종원 외,잇플,20211126,2021,컴퓨터/IT
177,9791191600315,S000001952218,인공지능 1,42000.0,37800.0,스튜어트 러셀 외,제이펍,20210825,2021,컴퓨터/IT
178,9791191600322,S000001952219,인공지능 2,38000.0,34200.0,스튜어트 러셀 외,제이펍,20210825,2021,컴퓨터/IT
179,9791156645436,S000001743819,컴퓨터 구조와 원리 3.0,29000.0,29000.0,신종홍,한빛아카데미,20210630,2021,컴퓨터/IT
180,9791162244180,S000001810380,데이터 과학을 위한 통계,34000.0,30600.0,피터 브루스 외,한빛미디어,20210507,2021,컴퓨터/IT
181,9791162243596,S000001810323,밑바닥부터 시작하는 딥러닝 3,38000.0,34200.0,사이토 고키,한빛미디어,20201110,2020,컴퓨터/IT
182,9791185475578,S000001868743,운영체제,39000.0,39000.0,Abraham Silberschatz 외,퍼스트북,20200228,2020,컴퓨터/IT
183,9791185475554,S000001868741,디지털 디자인,34000.0,34000.0,M. Morris Mano 외,퍼스트북,20200228,2020,컴퓨터/IT
184,9791156644408,S000001743716,논문 통계분석,28000.0,28000.0,노경섭,한빛아카데미,20190228,2019,컴퓨터/IT
185,9788970509013,S000001076292,C# 프로그래밍 입문,27000.0,27000.0,오세만 외,생능출판,20170314,2017,컴퓨터/IT
186,9788966261109,S000001032991,피플웨어,16800.0,15120.0,톰 드마르코 외,인사이트,20140715,2014,컴퓨터/IT
187,9788935303809,S000000600853,화일구조,30000.0,30000.0,이석호,정익사,20130110,2013,컴퓨터/IT
188,9788966260522,S000001032944,리버싱 핵심 원리,48000.0,43200.0,이승원,인사이트,20120930,2012,컴퓨터/IT
